标题,播放数,链接
会变魔法的双子，是最特别的存在,11万,http://music.163.com/playlist?id=2229677078
【Tropcial House】吹来热带雨林的清凉之风,10万,http://music.163.com/playlist?id=2223683587
前奏控夏日精选 | 从起床苦难户到早操运动,66022,http://music.163.com/playlist?id=2230699609
【治愈欧美】温柔的灵魂终将相遇,71432,http://music.163.com/playlist?id=2114154989
Do As Infinity 2018 东京演唱会,13035,http://music.163.com/playlist?id=2234549729
「吉他」舞动的弦音，奏出深情的乐章,20788,http://music.163.com/playlist?id=568011938
『1975-至今』经典日剧主题曲/剧中曲大盘点,10万,http://music.163.com/playlist?id=2229592017
百位V家P主，每人一首良曲,27万,http://music.163.com/playlist?id=2226641834
「日系抒情」无处寄托的心，无法忘记的你,39万,http://music.163.com/playlist?id=2225835134
「古风」钢琴前奏，还你一个清凉静谧的夏天,101万,http://music.163.com/playlist?id=2221827668
『原创古风』编曲给音乐划上浓墨重彩的一笔,122万,http://music.163.com/playlist?id=2219028438
Uplifting Trance丨直击灵魂深处的电子音乐,95万,http://music.163.com/playlist?id=2218083370
二次演绎｜爵士与萌元素的浪漫邂逅,54万,http://music.163.com/playlist?id=2208755736
T台节奏BGM•听完这单 谁还不是个超模咋地?,401万,http://music.163.com/playlist?id=2216189440
防弹少年团BTS出道以来所有歌曲完整合辑,30万,http://music.163.com/playlist?id=2208664380
感情变了质，等时间掩埋,335万,http://music.163.com/playlist?id=2215440866
你的青春里有没有属于你的一首歌？,1446万,http://music.163.com/playlist?id=2201879658
绿荫之日——轻快悠闲纯音小调,40万,http://music.163.com/playlist?id=2200232865
伤心的时候，来这里偷偷听着哭吧。,186万,http://music.163.com/playlist?id=2199699508
[ACG抒情]那些温柔 令人心碎,125万,http://music.163.com/playlist?id=2200464560
突然兴奋！唱见的电波时刻,59万,http://music.163.com/playlist?id=2202381769
点起一支烟，听一首粤语歌,395万,http://music.163.com/playlist?id=2197936899
当进击节奏迷之出彩旋律Drum&Bass/Dubstep,437万,http://music.163.com/playlist?id=2202058359
夏天快要过去，牵你手买冰淇淋,480万,http://music.163.com/playlist?id=2199015597
倾听100部电影，爱情的美丽与哀愁,403万,http://music.163.com/playlist?id=2203603614
你离开以后，我将自己活成了你的样子,354万,http://music.163.com/playlist?id=2205731441
重逢是始料未及丨回首又见你 流星花园,454万,http://music.163.com/playlist?id=2202374751
难道六岁的我 就不能为爱流一次眼泪吗,68万,http://music.163.com/playlist?id=2203183914
⚡️18年4月新热电音推送,166万,http://music.163.com/playlist?id=2203423972
就想傻傻看着你，谁叫我喜欢你,41万,http://music.163.com/playlist?id=2201595918
【创造101】最全最新参赛曲目 已更新,18012,http://music.163.com/playlist?id=2210149726
EDC China•音乐节现场歌单,65万,http://music.163.com/playlist?id=2206105962
进击的次元！百首超燃动漫背景音乐,172万,http://music.163.com/playlist?id=2188389237
元气少女音丨沉溺于这场甜美梦境,196万,http://music.163.com/playlist?id=2188265841
"不如""乐""读——适合读书时听的古典音乐",135万,http://music.163.com/playlist?id=2192872919
听罢这些电影旋律｜好似领略百感人生,267万,http://music.163.com/playlist?id=2190625773
「古风」笛子前奏，如春风拂过,207万,http://music.163.com/playlist?id=2188949054
『四大名著』中国古典文学的精品,161万,http://music.163.com/playlist?id=2193807890
闽南语丨原来也可以如此清新与情深,48万,http://music.163.com/playlist?id=2195453350
『百首韩语女声』也曾晴朗 落一身浅浅的伤,24万,http://music.163.com/playlist?id=2188304400
岛·台湾乐队集°台北夜空下的氤氲青年,90万,http://music.163.com/playlist?id=2194760666
[夕暮相伴]少女的温情依守,21万,http://music.163.com/playlist?id=2190868434
细数那些值得单曲循环的英文歌,169万,http://music.163.com/playlist?id=2193563343
《创造101》参赛曲目及BGM合集,82423,http://music.163.com/playlist?id=2195407209
「2018」奔跑吧 第二季 BGM,43万,http://music.163.com/playlist?id=2192048784
倾听自然 · 林涧细语,241万,http://music.163.com/playlist?id=2179792198
100个悲伤的瞬间，有没有你的心酸？,785万,http://music.163.com/playlist?id=2179646633
日系| 有一种乐音，温暖一如被春日洗礼,65万,http://music.163.com/playlist?id=2185852585
致回不去的校园，致那美好的曾经,550万,http://music.163.com/playlist?id=2182683172
『国摇』五十支乐队五十种精神信仰,330万,http://music.163.com/playlist?id=2179431622
【Hip-Hop】西海岸精选,75万,http://music.163.com/playlist?id=2186166423
后来的我们 唱着《后来》消失在人海,410万,http://music.163.com/playlist?id=2181695887
欢快小调 给百无聊赖的生活来支兴奋剂,323万,http://music.163.com/playlist?id=2182669327
亲爱的，勇敢一点,182万,http://music.163.com/playlist?id=2183979013
向往的生活2第二季,36万,http://music.163.com/playlist?id=2184439176
百部动画摇滚，百首经典旋律,194万,http://music.163.com/playlist?id=2174130269
节奏带感且时尚性感<100首Fashion BGM>,813万,http://music.163.com/playlist?id=2173059435
于时间的长廊上 你再也不等我,967万,http://music.163.com/playlist?id=2168895862
『古风遇梦』听梦不愿醒 便随你风月无际,130万,http://music.163.com/playlist?id=2171419444
第一眼就确认 我的余生都与你有关,97万,http://music.163.com/playlist?id=2170094176
日本 纯音乐［ 通向心灵的旋律 ］,29016,http://music.163.com/playlist?id=2172836119
絮语|即使真空不传声 宇宙也知道我想你,66万,http://music.163.com/playlist?id=2174407398
[ACG萌曲]百首傻白甜的欢脱小调,104万,http://music.163.com/playlist?id=2167718593
【China】国人电音精品，这节奏不停歇,137万,http://music.163.com/playlist?id=2176013162
百首日系深情，献给我曾挚爱过的你,333万,http://music.163.com/playlist?id=2166790155
熬夜和想你，我都该戒掉了,1278万,http://music.163.com/playlist?id=2163517726
五一假期，相约泰山听云上之声♫,13万,http://music.163.com/playlist?id=2168738004
"""多少人以朋友的名义爱着一个人? """,702万,http://music.163.com/playlist?id=2162749304
【综艺】Heart Signal 第二季,29万,http://music.163.com/playlist?id=2164695804
EDC CHINA 2018 | 这些电音大神要来中国啦,308万,http://music.163.com/playlist?id=2157706591
华语电影台词对白｜念念有声,402万,http://music.163.com/playlist?id=2166181332
百大DJ2018排行榜（Billboard官方公告牌）,9150,http://music.163.com/playlist?id=2170711389
大广赛命题歌单,52万,http://music.163.com/playlist?id=2161675933
繁华都市里的100个孤独旅人,367万,http://music.163.com/playlist?id=2161007233
⚡️18年3月新热电音推送,311万,http://music.163.com/playlist?id=2164977085
如何优雅的做个没有感情的大人,414万,http://music.163.com/playlist?id=2156205051
「古风」藏在诗词里的歌名,380万,http://music.163.com/playlist?id=2157458176
薄荷清凉味海风 夏日度假电音鉴赏☀,97万,http://music.163.com/playlist?id=2154941443
2018公告牌全球百大DJ/电音制作人！,469万,http://music.163.com/playlist?id=2153498917
华语女声 那些闪闪发光的吉他小姐姐,137万,http://music.163.com/playlist?id=2154093907
华语｜让那些故事 都藏进时间里吧,288万,http://music.163.com/playlist?id=2154504854
首届Billboard Dance 100榜单公布,35501,http://music.163.com/playlist?id=2152611379
热血街舞团BGM(5月19日)点图片附有歌单,96124,http://music.163.com/playlist?id=2156508799
2018年4月新番动画歌曲合集(更新中）,26万,http://music.163.com/playlist?id=2157196073
这就是街舞&热血街舞团BGM,12241,http://music.163.com/playlist?id=2156029892
绝美鼓乐集｜華枝春滿 天心月圓,183万,http://music.163.com/playlist?id=2148086011
失恋时，歌词就好像在写自己的故事,287万,http://music.163.com/playlist?id=2148299947
细数那些值得单曲循环的民谣,716万,http://music.163.com/playlist?id=2150055953
这就是街舞BGM(5月13日)点开图片有详细歌单,33万,http://music.163.com/playlist?id=2150301107
我爱你 第一句是假的 第二句也是假的,1281万,http://music.163.com/playlist?id=2144281377
节奏带感且深邃性感 ️️这才系Deep House呀,885万,http://music.163.com/playlist?id=2139118830
岁月如潮水，将我向老歌推,1254万,http://music.163.com/playlist?id=2139305008
歌词唱透了心声，回忆模糊了眼眸,1163万,http://music.163.com/playlist?id=2139324915
绝色复古︱幻游梦境 与你消磨时光,126万,http://music.163.com/playlist?id=2146256338
电影丨头号玩家/玩家一号/READY PLAYER ONE,106万,http://music.163.com/playlist?id=2138786247
求求你们了，让我睡会儿好不好,721万,http://music.163.com/playlist?id=2131958935
黄舒骏推荐华语流行音乐30年必听歌曲,34万,http://music.163.com/playlist?id=2141392076
生活，太需要这些节奏了,689万,http://music.163.com/playlist?id=2133712293
台湾偶像剧黄金年代|记忆是阵阵花香,643万,http://music.163.com/playlist?id=2134421380
一百首‖让你瞬间勾起回忆的老歌,442万,http://music.163.com/playlist?id=2134203011
想在阴天里听莫文蔚的电台情歌,363万,http://music.163.com/playlist?id=2129467457
百首悠扬纯音 · 奏响日系绚章,124万,http://music.163.com/playlist?id=2136453022
【耳熟能详的英文歌】,80134,http://music.163.com/playlist?id=2136581166
「孤独与愁」霓虹雨巷 孑然一身,70万,http://music.163.com/playlist?id=2133607746
「甜美声线」清新俏皮 小女生风情,295万,http://music.163.com/playlist?id=2129728437
欧美电影台词对白｜念念不忘,165万,http://music.163.com/playlist?id=2128755383
百部韩剧经典OST合集，纪念追剧时光,370万,http://music.163.com/playlist?id=2127472941
「新世纪」如沐朝阳的温暖与诗意,180万,http://music.163.com/playlist?id=2128571926
[White Day]想要传达给你的爱恋！,83万,http://music.163.com/playlist?id=2132468088
任贤齐：这里的表演很精彩,140万,http://music.163.com/playlist?id=2129466456
就做一阵风吧，有温柔也有英勇,172万,http://music.163.com/playlist?id=2131424601
迈克尔杰克逊的全曲（好不容易找到的）,13万,http://music.163.com/playlist?id=2133963969
有没有一首歌会让你想起周华健,56万,http://music.163.com/playlist?id=2129450612
英文歌自动循环单°,67190,http://music.163.com/playlist?id=2140965208
「古风」错身遇个你，穷尽诗家笔,259万,http://music.163.com/playlist?id=2118036706
『和式盯鞋』Shoegaze浪潮◎日系噪声美学,27万,http://music.163.com/playlist?id=2134169961
下次理发我要让我的Tony播放这个歌单,1355万,http://music.163.com/playlist?id=2120785460
「欧美清新」春风捎来了你的情话,105万,http://music.163.com/playlist?id=2119536331
UrbanDance 编舞官方精选,77791,http://music.163.com/playlist?id=2131098423
陈蓉蓉的游戏BGM,10万,http://music.163.com/playlist?id=2140901609
2010-2018百部爱情电影OST合集,59万,http://music.163.com/playlist?id=2136967635
【节奏控】那些一听就中毒的电音(纯音乐篇),482万,http://music.163.com/playlist?id=2120271089
华语男声丨有些记忆 只有音乐可以唤起,476万,http://music.163.com/playlist?id=2122104724
伤心回忆寄存馆|今日营业中,379万,http://music.163.com/playlist?id=2123418952
BBC | 大本尼磁性朗读 神探夏洛克原声合集,11万,http://music.163.com/playlist?id=2125763617
「不老女声」你 是 窗 前 深 浅 白 月 光,755万,http://music.163.com/playlist?id=2121679666
『欢快节奏』专业治愈各种不开心～,32万,http://music.163.com/playlist?id=2118657705
「 Him & I 」晚点遇见你，余生都是你,29万,http://music.163.com/playlist?id=2121164220
值得循环的一百首日系男友音,274万,http://music.163.com/playlist?id=2108339599
【SHE全专辑集】,123万,http://music.163.com/playlist?id=2121558366
「ACG」由衷的青睐，源自真心的美好,172万,http://music.163.com/playlist?id=2111401734
EDC 2018•CHINA电音节上海站阵容精选,25万,http://music.163.com/playlist?id=2124725250
韩剧《经常请吃饭的漂亮姐姐》OST&BGM合辑,16万,http://music.163.com/playlist?id=2133440344
角色背后的歌声 / 新老声优们的演绎,81万,http://music.163.com/playlist?id=2119594443
「男声控」沉醉于深情嗓音 迷失于动感旋律,69万,http://music.163.com/playlist?id=2121784814
田馥甄最全歌曲正序集,58万,http://music.163.com/playlist?id=2125261392
土嗨 - 有氧运动、动感单车、跑步、力量,23695,http://music.163.com/playlist?id=2132319603
⚡️18年2月新热电音推送,302万,http://music.163.com/playlist?id=2120602346
『节奏控』百听不厌的店铺音乐♪,20万,http://music.163.com/playlist?id=2126417153
〔这！就是街舞〕BGM持续更新3.31,80万,http://music.163.com/playlist?id=2125962943
『1980-至今』日本动画电影/剧场版大盘点,93万,http://music.163.com/playlist?id=2110565919
戴上耳机，埋头学习，再加把力，中考等你,218万,http://music.163.com/playlist?id=2115445493
【China国风电音】之琵琶与古筝的荡气辉煌,32万,http://music.163.com/playlist?id=2112576346
『古风电音』纯音乐（国风电音/古风电子）,99597,http://music.163.com/playlist?id=2112415738
暖春，寄一首阳光明媚的歌给你,583万,http://music.163.com/playlist?id=2114030515
〖超燃电音〗电子竞技必备,18万,http://music.163.com/playlist?id=2112525624
「开口沉醉」慵懒迷离的欧美女声,85万,http://music.163.com/playlist?id=2116417781
昭和时代歌姬——70年代篇,41003,http://music.163.com/playlist?id=2121431882
日系/无前奏：开口即跪 一秒沦陷,293万,http://music.163.com/playlist?id=2105681544
华语男声 你来这走一遭 奇迹般万物生长,150万,http://music.163.com/playlist?id=2116641078
『开口脆』那些惊艳的欧美男声⭐️,23万,http://music.163.com/playlist?id=2111375624
异坤iSeeKun,11万,http://music.163.com/playlist?id=2121994892
纯音乐｜钢琴与旧书页，会跳舞的黑白键,447万,http://music.163.com/playlist?id=2099302296
看万般喜乐纷至沓来,12万,http://music.163.com/playlist?id=2115691962
非主流青春里听过的歌,156万,http://music.163.com/playlist?id=2113359151
【这就是街舞】精彩bgm合集（持更）,11万,http://music.163.com/playlist?id=2127053512
童年经典儿歌大全,15万,http://music.163.com/playlist?id=2109436111
『欧美&节奏』开口即跪的清脆男嗓℡,17万,http://music.163.com/playlist?id=2113258500
『开口脆』适合做铃声的欧美歌曲❤️,154万,http://music.163.com/playlist?id=2104156543
音乐和灵魂总要有一个在路上,26万,http://music.163.com/playlist?id=2136493774
爱上一个人，便会恋上一座城,62872,http://music.163.com/playlist?id=2114809243
『舌尖上的中国』最全BGM合集,19万,http://music.163.com/playlist?id=2115574775
古风 I 红烛多情化着泪 漫漫长夜摧伊人,228万,http://music.163.com/playlist?id=2100341581
『这！就是街舞』最全参赛BGM 有主题曲,50万,http://music.163.com/playlist?id=2115732453
设计师想抖腿了听这单,99万,http://music.163.com/playlist?id=2108295731
声光美学 I 经典电影中的古典配乐集,142万,http://music.163.com/playlist?id=2107922801
日系治愈男声，逐步陷入温柔的世界,94万,http://music.163.com/playlist?id=2095806875
用 舌 尖 收 集 你 身 上 的 痣,62503,http://music.163.com/playlist?id=2130661010
「日系」温柔的声线治愈你的心灵,30万,http://music.163.com/playlist?id=2100979227
『经典咏流传』四书五经唐诗宋词朗诵,86031,http://music.163.com/playlist?id=2099834585
玫瑰全都给你 可不可以把你给我？,414万,http://music.163.com/playlist?id=2097947168
ONER团综bgm,89534,http://music.163.com/playlist?id=2111698780
【男声控】当天才混音遇见完美男声,75749,http://music.163.com/playlist?id=2107133709
☯ぎホぃおやの☯,24476,http://music.163.com/playlist?id=2114713011
DJ-pon3‘s 马国电音,24388,http://music.163.com/playlist?id=2095475341
敲可爱的歌单（恋爱的感觉）,19万,http://music.163.com/playlist?id=2105070813
『無前奏 | 女嗓』开口即跪 心醉神迷.,1302万,http://music.163.com/playlist?id=2089907261
日系温柔女声丨沐浴在歌声中的暖阳下,274万,http://music.163.com/playlist?id=2088799380
日系治愈｜请问您今天要来点少女心吗？,159万,http://music.163.com/playlist?id=2092484970
民谣里有哪些動聽的情话？,226万,http://music.163.com/playlist?id=2091758391
如果可以，我想和古人谈一场恋爱,216万,http://music.163.com/playlist?id=2091038787
「抒情摇滚」过去的时光与黯然的诗,425万,http://music.163.com/playlist?id=2092474396
【纯音乐】古风/练字画画静想,89026,http://music.163.com/playlist?id=2095293272
【全职高手】CP向/个人向 同人歌合集,4291,http://music.163.com/playlist?id=2088470936
赶走阴霾 来一首欢快的欧美小调,814万,http://music.163.com/playlist?id=2084738832
【妖说】沧海桑田 只待君归,157万,http://music.163.com/playlist?id=2081400147
听什么歌都像在唱自己,121万,http://music.163.com/playlist?id=2082564528
『~米津玄师~』走进八爷的内心世界,23万,http://music.163.com/playlist?id=2087611743
古风词作‖他们只是喜欢用歌的方式来讲故事,171万,http://music.163.com/playlist?id=2081133164
「娇媚欲滴」●令人血脉喷张的冷艳女声,61805,http://music.163.com/playlist?id=2089725230
『这！就是街舞』最全BGM合集持更,191万,http://music.163.com/playlist?id=2078747658
恋爱系Melody，不知觉已陷入暗恋之心,373万,http://music.163.com/playlist?id=2069140707
想要办一场古风婚礼，许一世天地作嫁,459万,http://music.163.com/playlist?id=2074273616
古风精选 你眼中是江湖 我眼中是你,598万,http://music.163.com/playlist?id=2074681032
助眠集 | 自然音，伴灵动乐符萦绕耳畔,219万,http://music.163.com/playlist?id=2075587022
深度睡眠 音符伴你入梦 愿你一夜好眠,181万,http://music.163.com/playlist?id=2086732756
顶级迪拜七星级帆船酒店精品音乐,19万,http://music.163.com/playlist?id=2079444429
90后回忆杀-学生时代听过的那些流行歌,28万,http://music.163.com/playlist?id=2080319176
「偶像练习生」参赛曲目(Nine Percent),465万,http://music.163.com/playlist?id=2070073302
『Trap』低频轰炸机 令人上瘾的黑暗氛围,211万,http://music.163.com/playlist?id=2069189356
古典清香 I 我的茶馆里住着巴赫与肖邦,241万,http://music.163.com/playlist?id=2065854146
国人的纯音已经到了什么地步,58万,http://music.163.com/playlist?id=2070331664
痛彻心扉地哭，然后刻骨铭心地记住,952万,http://music.163.com/playlist?id=2059430694
爱笑的摩羯座应该都很孤独吧。,75万,http://music.163.com/playlist?id=2074291456
▶ 2018年欧美流行新歌速递,161万,http://music.163.com/playlist?id=2076170419
综艺《偶像练习生》BGM合辑,328万,http://music.163.com/playlist?id=2065515420
华语 | 80/90都听过的经典老歌【怀旧篇】,284万,http://music.163.com/playlist?id=2059412026
小姐姐搭档电子乐，声控党新潮的标配~,85万,http://music.163.com/playlist?id=2055571883
陈奕迅正曲全收录,21万,http://music.163.com/playlist?id=2068331353
只是想安静的 享受那份呼吸的感觉。o・°。,650万,http://music.163.com/playlist?id=2058497430
日系对唱丨聆听他们绽放在青春的美好,202万,http://music.163.com/playlist?id=2049903536
2018全年抖腿指南，老铁你怕了吗？,1094万,http://music.163.com/playlist?id=2050704516
百首日系抒情，总有一首触动你的心,544万,http://music.163.com/playlist?id=2048970456
『曲作精选』细数古风圈原创作曲人❶,671万,http://music.163.com/playlist?id=2041615881
「女声控」音色沁人心 旋律美如画,473万,http://music.163.com/playlist?id=2040074016
BBC新闻＋TED演讲,13万,http://music.163.com/playlist?id=2047661253
粤语女声 I 故事太多 没人会听你诉说,664万,http://music.163.com/playlist?id=2047424322
华语 | 听歌最怕应景，触景最怕生情,1482万,http://music.163.com/playlist?id=2042006896
随想纯音 · 仰望星辰的循环往复,423万,http://music.163.com/playlist?id=2033343411
神级燃曲 · 百首顶级日漫激昂配乐,129万,http://music.163.com/playlist?id=2032514030
【欧美励志歌单】打起精神，坚持下去,125万,http://music.163.com/playlist?id=2045318432
再深的感情也抵挡不住缘分的交错,701万,http://music.163.com/playlist?id=2036154174
这个歌单就是你的补番表,27万,http://music.163.com/playlist?id=2037209821
2017下半年百首热门EDM精选,431万,http://music.163.com/playlist?id=2035928784
网络流行歌曲20*£～2018,222万,http://music.163.com/playlist?id=2037526684
一个双鱼座的听歌列表,72万,http://music.163.com/playlist?id=2037756698
『魔性循环』你所耳熟能详的搞事情歌单,236万,http://music.163.com/playlist?id=2020493495
『古风戏腔』名花不解语 无情也动人,105万,http://music.163.com/playlist?id=2022186054
729声工场（阿杰、金弦、苏尚卿……）,84988,http://music.163.com/playlist?id=2017638244
爱情不卑微不施舍，别以为你是谁,487万,http://music.163.com/playlist?id=2015408138
【复习 论文 码字 代码 刷题】静心音乐大全,67370,http://music.163.com/playlist?id=2024518101
女生KTV必点歌曲,99万,http://music.163.com/playlist?id=2023025745
沈以诚，焦迈奇，徐秉龙，刘莱斯，余佳运.,333万,http://music.163.com/playlist?id=2011848894
說 出 來 的 情 話（持续更新）,286万,http://music.163.com/playlist?id=2015830102
For you 」,44万,http://music.163.com/playlist?id=2018083531
「抑鬱怪物」只適合聽喪歌.,261万,http://music.163.com/playlist?id=2006282871
"""你和我之间，只隔着一首歌的距离""",663万,http://music.163.com/playlist?id=1992869190
「日系」我喜欢人们坚贞不渝地相爱,31万,http://music.163.com/playlist?id=2228674329
『电影配乐』当优雅华尔兹遇上激情探戈,15万,http://music.163.com/playlist?id=2226210869
【吉他电音】跃动于弦上的电流弧光,21万,http://music.163.com/playlist?id=2229991328
无限循环！40首日系抒情男声,36万,http://music.163.com/playlist?id=2226230944
谢谢你陪我追过梦，哪怕终点不是你,302万,http://music.163.com/playlist?id=2229473831
男声辑 | 我有一首歌，可以慰风尘,23万,http://music.163.com/playlist?id=2229273130
哀怨与恐惧✞急迫的压抑感,58403,http://music.163.com/playlist?id=2230439383
金色年华，青春在时间门外,79万,http://music.163.com/playlist?id=2230693970
美酒咖啡♪ 异彩次元交汇的跨圈合作,87万,http://music.163.com/playlist?id=2230728513
［韩语］优质非主打也有不一般的魅力③,12万,http://music.163.com/playlist?id=2225958899
锤子科技2018鸟巢新品发布会,86220,http://music.163.com/playlist?id=2226031970
[翻唱]同原唱一样令人动容的声音(持续更),53729,http://music.163.com/playlist?id=2234024917
静下来听一些民谣,36412,http://music.163.com/playlist?id=2233732998
安静细腻的欧美小调，献给失眠的你,122万,http://music.163.com/playlist?id=2220081292
混迹于霓虹国40年的复古节奏,34万,http://music.163.com/playlist?id=2217956735
「古风」霎是杏花雨又见千山雪,91万,http://music.163.com/playlist?id=2220703988
「让宝宝一秒入睡的哄睡神曲」,42万,http://music.163.com/playlist?id=2216962972
还记得你的梦想吗？别让你的梦只有想,535万,http://music.163.com/playlist?id=2219770152
沉迷你于星空下独独对我释放的温柔,13万,http://music.163.com/playlist?id=2220535811
魔性Hook丨突然被这些女声洗了脑,210万,http://music.163.com/playlist?id=2219116947
毕业倒计时：时光里的伤心旅客,845万,http://music.163.com/playlist?id=2219538180
韩国Moombahton 异域风情的魔性律动,61万,http://music.163.com/playlist?id=2216739277
日系°初夏 | 夏日の风 吹拂着你在我怀中,25万,http://music.163.com/playlist?id=2221502423
后来你哭了，想安慰却忘了早已换了身份,552万,http://music.163.com/playlist?id=2218171336
愿今后岁月如歌，你我不聚亦不散,352万,http://music.163.com/playlist?id=2220365167
「韩语」你好，我能邀请你跳一支雨中曲吗,90748,http://music.163.com/playlist?id=2221695445
出游必备 | 玩转这座国摇游乐场,48万,http://music.163.com/playlist?id=2218408103
女追男，你敢不敢？,296万,http://music.163.com/playlist?id=2225485422
【华语】藏在夏日的七彩刨冰中溜进你嘴里,182万,http://music.163.com/playlist?id=2224483173
民谣丨那个坐在楼顶发呆的人不是我,124万,http://music.163.com/playlist?id=2223256529
去做些改变，带着恰到好处的冲动,151万,http://music.163.com/playlist?id=2219279826
华语独立 | 情歌不止两三首 想你不是两三夜,92万,http://music.163.com/playlist?id=2218002585
呼吸音乐中夏日的味道【Kobalt精编】,38万,http://music.163.com/playlist?id=2220469952
【日系】如何感谢你，赐予我生命,23万,http://music.163.com/playlist?id=2219495346
华语 | 牵着时光衣襟，走进芳菲五月,291万,http://music.163.com/playlist?id=2218148426
你是我最精彩的经历 也是我最遗憾的过往,128万,http://music.163.com/playlist?id=2222581972
风擎，万种,44800,http://music.163.com/playlist?id=2222381288
你爱她的每一天，都是母亲节,39万,http://music.163.com/playlist?id=2221598108
尤克里里|听见便是夏天的味道,27万,http://music.163.com/playlist?id=2222766432
新泡沫之夏 影视原声,56308,http://music.163.com/playlist?id=2218881223
听硬货吗？品质车载BO$$ 【精】,7667,http://music.163.com/playlist?id=2222889406
治愈の歌｜想把这份温柔传达给你,42万,http://music.163.com/playlist?id=2215887111
「可爱培育室」boom~您的可爱正在迅速膨胀,107万,http://music.163.com/playlist?id=2208661396
纯音丨指尖黑白琴键 弹尽人间绚烂,43万,http://music.163.com/playlist?id=2208701304
聆听天使的歌唱┊独立精选集┊,76万,http://music.163.com/playlist?id=2212673272
Route66 | 逃离都市，沿着66号公路纵情西驰,137万,http://music.163.com/playlist?id=2213279820
Summer Time·一股清流 安抚夏日燥热,300万,http://music.163.com/playlist?id=2211492602
如果我们能够久别重逢，我希望你别来无恙,319万,http://music.163.com/playlist?id=2208261223
这么好看的小哥哥在你耳边唱歌，还不心动?,74万,http://music.163.com/playlist?id=2211342253
『韩语』补充点恋爱糖分喵～,35万,http://music.163.com/playlist?id=2206966142
R3HAB Summer 2018 Playlist,127万,http://music.163.com/playlist?id=2212809590
等琴音唤醒每处阳光,12万,http://music.163.com/playlist?id=2210095297
摇摆系电音 | 对不起我们火星拒绝普通的摇,28万,http://music.163.com/playlist?id=2210941473
"男女合唱 | 跟我走吧, 我们去兴风作浪",118万,http://music.163.com/playlist?id=2212604129
2018年第29届金曲奖入围名单,167万,http://music.163.com/playlist?id=2212794576
人从未完整过 只是碎片的拼合,11万,http://music.163.com/playlist?id=2207327052
『我需要你，我只需要你』,54万,http://music.163.com/playlist?id=2214962534
日本动画拾贝：亲子主题的治愈之作,84973,http://music.163.com/playlist?id=2213597760
这一生山高水阔，背过身便不要再遇见了,164万,http://music.163.com/playlist?id=2210554711
「初夏物语」树荫蝉响与夏日清凉,427万,http://music.163.com/playlist?id=2211544441
【日系】❀雨过花晴❀在最美的五月♪,22万,http://music.163.com/playlist?id=2208072437
风从袖中过的 是夏天啊,163万,http://music.163.com/playlist?id=2211610787
三字的经 | 词牌名结构下的蒙太奇故事,120万,http://music.163.com/playlist?id=2209587132
『母亲节』电影里的微笑，记我们的母亲,232万,http://music.163.com/playlist?id=2211639277
Vol. 48「新浪潮 未来俱乐部之声」,15万,http://music.163.com/playlist?id=2207464579
新泡沫之夏 电视剧原声全记录,51709,http://music.163.com/playlist?id=2216435677
五四青年节 | 五月的鲜花我们的中国梦,10297,http://music.163.com/playlist?id=2211114861
想送你一颗长生不老的少女心,18万,http://music.163.com/playlist?id=2212739105
CityPop.泡沫都市,15万,http://music.163.com/playlist?id=2203753368
夏祭 | 盛世烟火 与我何干,14万,http://music.163.com/playlist?id=2201199825
花样年华：防弹少年团歌曲精选,53万,http://music.163.com/playlist?id=2201443336
“愿我们走进静谧的长夜”,62万,http://music.163.com/playlist?id=2206503282
想借夏天的风说，我喜欢你呀,272万,http://music.163.com/playlist?id=2203659217
陪你度过一个安静的时刻,134万,http://music.163.com/playlist?id=2202109892
夜深了｜听电影讲枕边故事,165万,http://music.163.com/playlist?id=2203927235
海岸森系唤醒 ·「future bass」,126万,http://music.163.com/playlist?id=2205950549
「华语」喜欢你只是我一个人的彳亍,401万,http://music.163.com/playlist?id=2200298188
我最大的遗憾，是你的遗憾与我有关,842万,http://music.163.com/playlist?id=2201957752
「清新歌谣」一场欢快的旅行,216万,http://music.163.com/playlist?id=2199769306
「古风」千金纵买相如赋，脉脉此情谁诉,52万,http://music.163.com/playlist?id=2202457913
给文艺的你一次悦耳的旅行,396万,http://music.163.com/playlist?id=2204529782
复古流行 | Dance Back To The 80s,25万,http://music.163.com/playlist?id=2204313231
嘻哈制药丨以黑泡为底，用jazz做药引,93万,http://music.163.com/playlist?id=2201281638
“我想你一定很忙 所以你看前三个字就好”,295万,http://music.163.com/playlist?id=2198844333
夏天很长 夏风很凉,85351,http://music.163.com/playlist?id=2198649377
韩‖治愈系女声，别让我的温柔无处安放,13万,http://music.163.com/playlist?id=2205804650
遇见你是我生命中最奇妙的际遇,121万,http://music.163.com/playlist?id=2200313877
心尖上第一抹白月光,19万,http://music.163.com/playlist?id=2199874932
听一首简单又甜蜜的小情歌,246万,http://music.163.com/playlist?id=2199364384
韩语R&B丨虚假的真实与模糊的清晰,40万,http://music.163.com/playlist?id=2203218351
【日语】以歌驱霾•笑迎明天,18万,http://music.163.com/playlist?id=2197570245
车水马龙不尽处|握紧属于你的深夜流光,12万,http://music.163.com/playlist?id=2206269766
女孩子为什么要努力？,303万,http://music.163.com/playlist?id=2197746110
愿孤独的诗里都有旋律 民谣的梦里都有远方,172万,http://music.163.com/playlist?id=2201043757
天使之音带你俯瞰梦幻之城【Kobalt精编】,38万,http://music.163.com/playlist?id=2202252198
【质感声音】别开口，怕从第一个音爱上你,105万,http://music.163.com/playlist?id=2202434071
┊Be A Poet┊失意孤独的人 每一个都是诗人,21万,http://music.163.com/playlist?id=2201899083
「四季情诗」穿越四季的爱恋,142万,http://music.163.com/playlist?id=2203008288
加拿大新兴歌手 ♪Allie X,12401,http://music.163.com/playlist?id=2200016119
玩味节拍｜数学摇滚中的律动设计,15万,http://music.163.com/playlist?id=2200994050
人生无法重启 但你有这些歌曲,135万,http://music.163.com/playlist?id=2201216375
「末春清新向」提前感受海洋季风的海盐气息,18万,http://music.163.com/playlist?id=2205415024
与你赴约 | 你是我耳边永不退潮的海,88万,http://music.163.com/playlist?id=2201306206
匪帮说唱Giao哥,14702,http://music.163.com/playlist?id=2201791452
冰汽时代专用BGM,17773,http://music.163.com/playlist?id=2205993966
电影丨《后来的我们》OST合集（导演:奶茶）,27万,http://music.163.com/playlist?id=2198627543
旅行|二十首歌讲尽旅途所有心情,17万,http://music.163.com/playlist?id=2197631811
当我的光曝在你身上，重逢就是一间暗室,233万,http://music.163.com/playlist?id=2199982529
God of War Ω（战神4原声带）,87627,http://music.163.com/playlist?id=2198101875
咖啡馆里的古典味道,18041,http://music.163.com/playlist?id=2201231418
上班族•流行|最渺小身躯，负最重行李,37256,http://music.163.com/playlist?id=2198778439
日系 | 向孤独者献上深白色的花束,36万,http://music.163.com/playlist?id=2194679585
柠檬薄荷｜雨天的猫与少女,32万,http://music.163.com/playlist?id=2193067213
给你的一封情书z,5383,http://music.163.com/playlist?id=2194407904
日系丨清冽女毒『薄荷色少女心』,57万,http://music.163.com/playlist?id=2193033807
Swing Jazz \ 复古摇摆,17万,http://music.163.com/playlist?id=2189138758
[古典] 要么庸俗，要么孤独,15万,http://music.163.com/playlist?id=2195814755
纯音丨相聚别离，都是刚刚好,49万,http://music.163.com/playlist?id=2194466842
轻电音集 | 星辰大海里的深夜伴侣,84万,http://music.163.com/playlist?id=2190542417
比起说我爱你 我更希望有机会说我也爱你,359万,http://music.163.com/playlist?id=2191164733
浪漫主义｜穿透灵魂的钢琴抒情曲,29万,http://music.163.com/playlist?id=2189488708
Driving Time·一首节奏电音 带你去兜风,157万,http://music.163.com/playlist?id=2191566904
◢◤Avicii丨当一切都结束的时候再叫醒我,790万,http://music.163.com/playlist?id=2193725733
日系 丨 一调祥谧的温暖，一曲细腻的厚重,50万,http://music.163.com/playlist?id=2196589463
夏天到了 | 要不要提前备一个消暑单呢,98万,http://music.163.com/playlist?id=2189916695
『偶像练习生』各家自制应援曲个人曲ost,34万,http://music.163.com/playlist?id=2190390671
健身房高效燃脂音乐,79万,http://music.163.com/playlist?id=2192521004
博多酒屋｜爵士与都市传说的异闻录,24万,http://music.163.com/playlist?id=2193081402
日系水感女声｜溺于深海，蓝透人心,13万,http://music.163.com/playlist?id=2195021349
瑞典音乐人Avicii离世，年仅28岁。,51万,http://music.163.com/playlist?id=2193790163
给最亲爱的自己：等一个温暖你的人,252万,http://music.163.com/playlist?id=2191164315
听到耳朵怀孕，甜到犹如灌蜜（男声版）,65287,http://music.163.com/playlist?id=2189212939
遇见你，是我所有美好故事的开始,50万,http://music.163.com/playlist?id=2196237365
【创造101】最全参赛曲目及其BGM,71万,http://music.163.com/playlist?id=2195253696
『港片经典』江湖枪火，当年情风继续吹,95万,http://music.163.com/playlist?id=2188769072
欧美 | Good Vibes Only,40万,http://music.163.com/playlist?id=2190380734
地下电子跳舞音乐指南,36万,http://music.163.com/playlist?id=2196617560
Creamfields 北京站 2018,57845,http://music.163.com/playlist?id=2190569078
【城市】失乐忘川东京都,75640,http://music.163.com/playlist?id=2191775601
音色美学｜那些孑然的电子音乐,14万,http://music.163.com/playlist?id=2191137595
Charlie Puth查理·普斯【音乐作品集】,22750,http://music.163.com/playlist?id=2194363065
向往的生活第二季BGM,32939,http://music.163.com/playlist?id=2190859134
Giao❌Fei想你想我一给我里睾啵发射！,19948,http://music.163.com/playlist?id=2188002814
写给男神们的歌 >>只有影子<<,34304,http://music.163.com/playlist?id=2194279655
华语唱作人 | 你如风来了又走 我心满了又空,110万,http://music.163.com/playlist?id=2191690039
【最爱金曲榜】人间四月天 烟雨的世界,55万,http://music.163.com/playlist?id=2192974488
♡「乌兹别克语」听不腻的旋律·,17374,http://music.163.com/playlist?id=2197096007
大事发声Ⅰ歌里唱的都是人生,25万,http://music.163.com/playlist?id=2191434938
你若微笑，我的世界就开始晴朗,39万,http://music.163.com/playlist?id=2190238280
细数香港金像奖最佳原创电影歌曲,34万,http://music.163.com/playlist?id=2187834515
「高甜」忽而今夏 OST,58189,http://music.163.com/playlist?id=2196770667
「哦！我的皇帝陛下」 OST,51511,http://music.163.com/playlist?id=2195907413
夏天躲在风洞里,54737,http://music.163.com/playlist?id=2192644680
【无限歌谣季】歌曲原唱大合集,44552,http://music.163.com/playlist?id=2195196848
【创造101】参赛曲目‖各位小姐姐来啦！,45388,http://music.163.com/playlist?id=2195275586
Megalo box【收录中,14866,http://music.163.com/playlist?id=2192222404
『日剧』18年春季日剧主题歌（更新ing）,18684,http://music.163.com/playlist?id=2189257570
【日系&ACG】圣者与精灵共咏的契绊诗,38万,http://music.163.com/playlist?id=2181436358
“长大应该是变得温柔，对全世界都温柔”,104万,http://music.163.com/playlist?id=2179751046
【女声控】天籁之音，声线美到窒息「七」,36万,http://music.163.com/playlist?id=2185087020
City pop | 脱丧俱乐部里的复古蜜色,12万,http://music.163.com/playlist?id=2180830258
「毕业将至」我最想和你做的六十一件事。,545万,http://music.163.com/playlist?id=2178572409
「日系」想和你一样做个明媚的人,48万,http://music.163.com/playlist?id=2180822480
我将深陷于单曲循环的魔咒 无法逃脱,256万,http://music.163.com/playlist?id=2182718903
后来，我们什么都有了，却没有了我们,465万,http://music.163.com/playlist?id=2181287762
纯音丨雨是悲欢离合 雨是一生错过,67万,http://music.163.com/playlist?id=2184923682
可岁月啊，你到底要怎样？,10544,http://music.163.com/playlist?id=2232590692
「不嘈杂好心情发射器biu~」人生在世须尽欢,207万,http://music.163.com/playlist?id=2186807760
『古风』烟白酒旗青，水村鱼市晴,65万,http://music.163.com/playlist?id=2186364976
小楼一夜听春雨，深巷明朝卖杏花,156万,http://music.163.com/playlist?id=2181755353
『衣冠上国 礼义之邦』,56万,http://music.163.com/playlist?id=2186470464
日系民谣丨生活是一场又一场美好事物的追逐,58万,http://music.163.com/playlist?id=2177971936
喪яa̶p̶‣⠀ ⠀ 「别爱太满物极必反」,20721,http://music.163.com/playlist?id=2179547260
『电音故事』 从华夏文明的起源说起,16万,http://music.163.com/playlist?id=2184066432
不怕汉子有文化，只怕他们有吉他,508万,http://music.163.com/playlist?id=2180739925
欧美丨留不住的人像风 至少风过无痕,74万,http://music.163.com/playlist?id=2178394851
韩 ๓ 与你四季，在我这里你是整个春天,15万,http://music.163.com/playlist?id=2180690567
「怦然心动」喜欢你头发的淡淡西瓜味,712万,http://music.163.com/playlist?id=2182092714
第五人格游戏原声音乐,26万,http://music.163.com/playlist?id=2183446622
纯音~唯美意境，听见好时光✨,75875,http://music.163.com/playlist?id=2179903575
放飞青春｜开心的事情现在才要开始,19万,http://music.163.com/playlist?id=2180938960
Chicano Rappers墨裔美国说唱歌手,14万,http://music.163.com/playlist?id=2186584109
比听CD更惊艳的日语live现场,54万,http://music.163.com/playlist?id=2185631022
Vocal Hardstyle触动心弦的人声，令人沉迷,117万,http://music.163.com/playlist?id=2182636617
你是我不想醒过来的白日梦,24万,http://music.163.com/playlist?id=2182304713
民谣/唐魔填词作品,7176,http://music.163.com/playlist?id=2228717935
这就是街舞杨文昊（简介含对应场景,20524,http://music.163.com/playlist?id=2187123948
戏中的情爱，与你的故事无关,270万,http://music.163.com/playlist?id=2187129244
樱花盛开的四月，听说跟想你很配。,62万,http://music.163.com/playlist?id=2182086484
民谣情话‖多谢你做我平淡岁月里星辰,41万,http://music.163.com/playlist?id=2180914819
ACG女声 | 永不凋谢的玫瑰,19万,http://music.163.com/playlist?id=2183402678
「 怀揣梦想 吃饭睡觉 保持可爱 」,11万,http://music.163.com/playlist?id=2178292535
【最爱金曲榜】那些琼瑶故事里的歌,60万,http://music.163.com/playlist?id=2183167064
『电音Ⅱ』℃ 泳池派对 夏日里的极致清凉,27万,http://music.163.com/playlist?id=2182958938
欧美丨轻快的节奏不自觉的律动,43万,http://music.163.com/playlist?id=2183062788
「日系」歌词里传达歌手想让你知道的信息,25万,http://music.163.com/playlist?id=2184305810
Vicetunes,22万,http://music.163.com/playlist?id=2179239664
中国风|青丝梦回山河醉，今日古风不婉约,81310,http://music.163.com/playlist?id=2186829102
蔡徐坤丨我才不会被女孩子欺负呢,26744,http://music.163.com/playlist?id=2180663409
梁文道 一千零一夜 bgm(不全),12649,http://music.163.com/playlist?id=2183107103
只是后来，我们没有在一起,48万,http://music.163.com/playlist?id=2186192589
这就是铁甲 BGM合集,15089,http://music.163.com/playlist?id=2185875952
只有你和时光知道我沉默的缘由,12万,http://music.163.com/playlist?id=2183366581
古風&国風 / 意境如诗如画般深远而悠长,8780,http://music.163.com/playlist?id=2185065915
原来距离1998已经过去了20年,59668,http://music.163.com/playlist?id=2180215012
魔法料理：50%电音加上50%萌音！,32万,http://music.163.com/playlist?id=2176407608
原来所谓的巧合，是穿越千里的故意,16万,http://music.163.com/playlist?id=2184816168
复仇者联盟3：无限战争 OST,10952,http://music.163.com/playlist?id=2181260146
[第五人格]溜屠夫专用BGM,48722,http://music.163.com/playlist?id=2171590993
奔跑吧第2季BGM,8990,http://music.163.com/playlist?id=2184190323
不说再见,12506,http://music.163.com/playlist?id=2181023838
炎热夏季丨清爽旋律丨性感女声丨在线抖脚,9469,http://music.163.com/playlist?id=2228060824
「纯音/睡前/作业」所有东西都是回忆里最好,97万,http://music.163.com/playlist?id=2167786806
【China国风电音II】之二胡与笛子的双重奏,10万,http://music.163.com/playlist?id=2167792027
华语 | 我没有很想你，只是经常梦见你,522万,http://music.163.com/playlist?id=2172208421
『武侠梦』我应在江湖悠悠，饮一壶浊酒,464万,http://music.163.com/playlist?id=2167679218
「国人纯音」净化心灵的旅行,38万,http://music.163.com/playlist?id=2168874857
嘘，听他们为你唱首情歌,131万,http://music.163.com/playlist?id=2172125110
俏皮韩系 | 甜味泡泡○°心动预报,83809,http://music.163.com/playlist?id=2175441590
辗转难眠||总有一天会有人心疼你的,5849,http://music.163.com/playlist?id=2227475114
《头号玩家》来，跟老斯一起看电影&玩游戏,418万,http://music.163.com/playlist?id=2169355485
考研英语词汇大全(正序版),17915,http://music.163.com/playlist?id=2177574064
【情歌男嗓】一首歌换一个老公系列,15803,http://music.163.com/playlist?id=2176989858
韩语～我又遇见你了，在梦里。,19万,http://music.163.com/playlist?id=2173920640
踏春必备 | 轻快节奏让心情好到爆,242万,http://music.163.com/playlist?id=2171582996
『韩语』青春是你和我一起最后的旅行,21万,http://music.163.com/playlist?id=2174208305
最是流年似旧曲，暮雨纷纷又清明,279万,http://music.163.com/playlist?id=2167335183
J.Fla ❤,11200,http://music.163.com/playlist?id=2169868775
果味诱惑｜蓝莓气泡水的甜蜜刺激,84万,http://music.163.com/playlist?id=2174629403
华语 | 三行情书 两滴眼泪 一段爱情,355万,http://music.163.com/playlist?id=2169331863
日系/帅气ο 光辉耀世 睥睨众生,15万,http://music.163.com/playlist?id=2171716416
百分九少年(Nine Percent),93074,http://music.163.com/playlist?id=2174962178
十年前火遍大街小巷的“网络歌曲”,59172,http://music.163.com/playlist?id=2176861191
◆想故作含蓄的跌入温暖怀抱◆,11万,http://music.163.com/playlist?id=2170815357
经常请吃饭的漂亮姐姐(好甜的歌)! BGM,74855,http://music.163.com/playlist?id=2175847093
「情绪降温」在春风里听一首冷门日语歌,24万,http://music.163.com/playlist?id=2176928686
小鬼王琳凯推荐的歌,86388,http://music.163.com/playlist?id=2175151939
【经常请吃饭的漂亮姐姐】欧美插曲合集,14万,http://music.163.com/playlist?id=2169062252
Future bass｜迷醉于怦然心动的音律,31万,http://music.163.com/playlist?id=2173343791
五月天，耳机里的音乐，口袋里的心情,19万,http://music.163.com/playlist?id=2174233544
「每天想你一遍」无限温柔の日系少年,23万,http://music.163.com/playlist?id=2168815384
韩.想拥有你眼中的繁星点点（二）,10万,http://music.163.com/playlist?id=2172391752
氤氲男嗓|| 陌上花已开 微醺入耳流于心,16万,http://music.163.com/playlist?id=2177601404
第五人格遛鬼BGM(ಡωಡ)hiahia,11527,http://music.163.com/playlist?id=2177525262
王力宏2018《龙的传人2060》世界巡回演唱会,15887,http://music.163.com/playlist?id=2173195952
情话抵舌未曾说,22502,http://music.163.com/playlist?id=2169163809
印度金属-开挂民族的嘶吼,71680,http://music.163.com/playlist?id=2167413826
「所有的相遇」都是久别重逢,18万,http://music.163.com/playlist?id=2177570529
后摇情緒丨不絕的喧囂在沸腾汹涌,73775,http://music.163.com/playlist?id=2168528604
東京一喰種-トーキョーグール 单曲集,52511,http://music.163.com/playlist?id=2172413184
最爱土木三班陈同学,14387,http://music.163.com/playlist?id=2173699843
狐狸的压箱底干货,10733,http://music.163.com/playlist?id=2172644314
你还不知道future bass么笨蛋？,19万,http://music.163.com/playlist?id=2169322307
听一曲古风清韵，饮一杯雨前清茶,18894,http://music.163.com/playlist?id=2168575929
中国|UnderGround,26万,http://music.163.com/playlist?id=2177380434
曾经的最流行，无数人的爱恨情,75万,http://music.163.com/playlist?id=2175768368
"Hardwell & Friends EP Vol. 1, 2 & 3",41028,http://music.163.com/playlist?id=2170485737
祖坟冒青烟,48307,http://music.163.com/playlist?id=2170308229
刀剑神域外传Gun Gale Online,8226,http://music.163.com/playlist?id=2170335291
『四月是你的电音⚡️』蹦迪抖脚使我中毒残废,18万,http://music.163.com/playlist?id=2173296232
小鬼送给达琳的歌单,14098,http://music.163.com/playlist?id=2167412693
韩剧 IU集合《我的大叔》2018 OST tvN水木,24686,http://music.163.com/playlist?id=2171772350
【电子控】|光电斑驳的香草甜心,56009,http://music.163.com/playlist?id=2168565109
「无前奏日语歌」你是开在我心尖的花呀,80万,http://music.163.com/playlist?id=2160130548
『日系』舌尖之声 醉人之律,24万,http://music.163.com/playlist?id=2162270632
纯音丨努力到无能为力 拼搏到感动自己,57万,http://music.163.com/playlist?id=2163406672
2018年4月小秘书新歌推荐,38785,http://music.163.com/playlist?id=2176641449
「钢琴」安静美好｜陌上花开，你已归来,30万,http://music.163.com/playlist?id=2157749749
【欢快小调】清凉节奏唤醒你的抖腿因子,147万,http://music.163.com/playlist?id=2161803752
你怎么蠢到我喜欢你都不知道,381万,http://music.163.com/playlist?id=2161325399
「钢琴」我伸出手，却只抱住风…,19万,http://music.163.com/playlist?id=2157747768
『古风』幸得识卿桃花面 自此阡陌多暖春,198万,http://music.163.com/playlist?id=2166551532
吟 游 记 ‖只 想 做 个 堕 落 的 诗 人,92万,http://music.163.com/playlist?id=2158769818
深蓝色的极致浪漫之音【Kobalt精编】,58万,http://music.163.com/playlist?id=2162709418
┆Take a bath┆关灯洗浴 水雾中是你,25万,http://music.163.com/playlist?id=2160646979
「韩」如梦私语 • 一世情话 只对你说,90294,http://music.163.com/playlist?id=2166240622
「你好温柔 让人一瞬间想拿一生来深拥」,104万,http://music.163.com/playlist?id=2164995466
西语也可以温柔,65375,http://music.163.com/playlist?id=2161049463
耳朵叫醒身体|心里有迪，哪里都能蹦,112万,http://music.163.com/playlist?id=2162855831
孤岛惊魂5（FarCry 5）游戏原声,42137,http://music.163.com/playlist?id=2167041439
深情纯音丨隽永牵挂·幽幽思念,88081,http://music.163.com/playlist?id=2158377769
欧美 暗恋的那些酸楚只有音乐知道,65万,http://music.163.com/playlist?id=2166910595
没有谁是一座孤岛,143万,http://music.163.com/playlist?id=2161375317
【Just Chill】黄昏下的浪漫悦动,17万,http://music.163.com/playlist?id=2167222141
面筋哥鬼畜面筋歌 烤面筋 震撼神经,58378,http://music.163.com/playlist?id=2162923748
情话变歌词，我想陪你到世界的终结,10万,http://music.163.com/playlist?id=2159411547
四十五分钟跑步歌单,16206,http://music.163.com/playlist?id=2159313990
✙ ᴛʀᴀᴘ ʀᴀᴘ,16万,http://music.163.com/playlist?id=2159313543
头号玩家 | Ready Player One Playlist,16万,http://music.163.com/playlist?id=2162865921
《孤岛惊魂 5》FARCRY 5汽车电台：摇滚篇,44938,http://music.163.com/playlist?id=2160730459
《头号玩家》Ready Player One原声大碟,35635,http://music.163.com/playlist?id=2160673699
韩剧『我的大叔』OST(完结撒花),72780,http://music.163.com/playlist?id=2157929524
Justin黄明昊歌曲合集 （持更中）,7739,http://music.163.com/playlist?id=2160335982
【电音】清新清新电音君,9704,http://music.163.com/playlist?id=2167203091
头号玩家原声集Ready Player One,20万,http://music.163.com/playlist?id=2164994422
CBA辽宁男篮主场BGM,12917,http://music.163.com/playlist?id=2166158446
『致逝者』心爱的人，永远守护着你,57万,http://music.163.com/playlist?id=2156782354
你不知道我多羡慕你特立独行的样子,509万,http://music.163.com/playlist?id=2154763064
国风说唱：醉酒聆歌 爱恨几何,77万,http://music.163.com/playlist?id=2153197706
Jawn Ha何展成（Kinjaz）,72293,http://music.163.com/playlist?id=2152588399
韩‖惊艳嗓音，一秒陷入韩式魅力女声,21万,http://music.163.com/playlist?id=2152511326
韩Rap/Soul · 独自一人的车窗音乐,29万,http://music.163.com/playlist?id=2156207182
炸车神曲【超重低音】,10万,http://music.163.com/playlist?id=2151512288
华语老歌|女人花似梦，摇曳红尘中,127万,http://music.163.com/playlist?id=2151717076
迈阿密电音节UMF 2018 | Marshmello,31389,http://music.163.com/playlist?id=2156469254
氛围音律｜飘渺乐境 梦幻泡影,15万,http://music.163.com/playlist?id=2154502404
岁月留声 · 披头士和致敬者们,78万,http://music.163.com/playlist?id=2151475985
韩式撩人男嗓研究所,12万,http://music.163.com/playlist?id=2155958459
镌刻在岁月中的摇滚传奇,31万,http://music.163.com/playlist?id=2151784031
华语情歌° | 最痴情的男人像海洋,188万,http://music.163.com/playlist?id=2153717858
戒不掉的女声 | 也许是你失眠的帮凶,185万,http://music.163.com/playlist?id=2155625233
【世界再大，我眼里只有你】——粤语系列,13万,http://music.163.com/playlist?id=2155227031
古风| 陌上繁花开，良人缓缓归,20万,http://music.163.com/playlist?id=2151625043
迈阿密电音节UMF 2018 | DJ Snake,98770,http://music.163.com/playlist?id=2155267995
民谣无深情，有的是伤心,25万,http://music.163.com/playlist?id=2155691251
不是所有人都在原地等你,21万,http://music.163.com/playlist?id=2153858258
[The Beatles]披头士翻唱精选合辑,19万,http://music.163.com/playlist?id=2151685198
刘若英 热门50单曲,91533,http://music.163.com/playlist?id=2151807077
2018春季日剧主题歌（更新中）,41381,http://music.163.com/playlist?id=2155891135
塞北 ‖ 关于达坂城的记忆゛,12万,http://music.163.com/playlist?id=2153946539
无限循环！40首日系悦耳R&B女声,158万,http://music.163.com/playlist?id=2147760874
“生活很讨厌，还好我可爱”,56万,http://music.163.com/playlist?id=2149144282
日语精选：日本KTV中的高人气优质女声,40万,http://music.163.com/playlist?id=2150668313
纯音丨生命有裂缝，阳光才照得进来,24万,http://music.163.com/playlist?id=2148095581
『气场Max』开口就能把你征服的女王音,56万,http://music.163.com/playlist?id=2150635048
任我游戏任我笑 任我琴狂剑也傲,174万,http://music.163.com/playlist?id=2149031036
春夜 · 酒馆里的浪漫时光,46万,http://music.163.com/playlist?id=2148772313
▪Vol.13 |Brazilian Bass异域妖鼓 邪魅低音,114万,http://music.163.com/playlist?id=2150374050
夏日清凉歌曲，耳机党必备歌单！,12万,http://music.163.com/playlist?id=2148420808
《中文说唱Remix伴奏》求粉❤,9713,http://music.163.com/playlist?id=2148979882
【抖腿神曲】蹦迪必备EDM歌曲,16万,http://music.163.com/playlist?id=2148358954
【电子】Drum and bass打游戏必备良曲,39万,http://music.163.com/playlist?id=2149335032
运动嗨曲,11万,http://music.163.com/playlist?id=2150565593
韩剧《LIVE》插曲OST&BGM歌曲合集,77938,http://music.163.com/playlist?id=2148754125
[电音] 超燃的男女声，抖腿神曲,13万,http://music.163.com/playlist?id=2147826040
日系/甜歌 : 其实我有七个人格,32万,http://music.163.com/playlist?id=2143886044
抒情/治愈：请带上微笑一路前行,27万,http://music.163.com/playlist?id=2140489265
日系无前奏 丨 几秒内所带来的惊艳与感动,84万,http://music.163.com/playlist?id=2146803269
【主播搞笑背景音乐】,80189,http://music.163.com/playlist?id=2146488489
【起床闹铃必备】掀被而起，君临天下！,38万,http://music.163.com/playlist?id=2140904927
华夏风骨●宫商角徵羽 五音传千年,36万,http://music.163.com/playlist?id=2146003213
以丧止丧 听一首把自己感动到哭的丧的歌,740万,http://music.163.com/playlist?id=2141039987
Treasure Box | 欧美冷门良曲了解一下？,204万,http://music.163.com/playlist?id=2138096319
这就是街舞经典背景音乐耳熟能详,64万,http://music.163.com/playlist?id=2137651853
☁️仙气环绕的韩国空灵女声,16万,http://music.163.com/playlist?id=2140454162
独处伴侣｜飘到地球尽头,29万,http://music.163.com/playlist?id=2141010431
哼首欢快的歌 来拯救你的小确丧,711万,http://music.163.com/playlist?id=2144082923
『懒节奏』氛围里你的清晰衬托了孤寂¶,116万,http://music.163.com/playlist?id=2142593775
「嗨爆」在宿舍御用的蹦迪歌曲,144万,http://music.163.com/playlist?id=2145434166
运动健身必备Pop Punk丨戴上耳机世界属于你,169万,http://music.163.com/playlist?id=2142690198
传统器乐赏：尺八的苍凉与恬静,32万,http://music.163.com/playlist?id=2137817994
古风觉晓 | 春色不过宛若江南,135万,http://music.163.com/playlist?id=2141352985
胡歌 经典影视歌曲特辑,17万,http://music.163.com/playlist?id=2138154214
王者荣耀原声音乐合集（跟随官方更新）,64519,http://music.163.com/playlist?id=2143157911
你距离烟酒嗓，还差一万包万宝路,41万,http://music.163.com/playlist?id=2139298477
"港片金曲｜相逢一场情""忆""满满演唱会",66万,http://music.163.com/playlist?id=2143006845
快起来！床塌了！,32万,http://music.163.com/playlist?id=2138996339
偶像练习生（其一）,11万,http://music.163.com/playlist?id=2144225404
这就是街舞BGM最新‖单曲循环炸曲‖精选,24万,http://music.163.com/playlist?id=2141720445
清晨，愿与品茗粥尚温,22万,http://music.163.com/playlist?id=2138170829
宇宙孤獨丨太空里的后摇元素,84704,http://music.163.com/playlist?id=2144700053
韩团R&B|风格各异的R&B，哪一首是你的Pick?,12万,http://music.163.com/playlist?id=2145241467
『三月电音炸曲⚡️』恕我直言你不配拥有抖腿,27万,http://music.163.com/playlist?id=2145722614
电影丨《环太平洋2：雷霆再起》OST 合集,10万,http://music.163.com/playlist?id=2138792945
「可爱」喜欢甜甜的歌也喜欢甜甜的你,14万,http://music.163.com/playlist?id=2137501153
粤语钢琴||琴弥指尖 无词至情,14万,http://music.163.com/playlist?id=2141459648
BODYJAM 85 莱美2018·02 有氧舞蹈BJ85,46681,http://music.163.com/playlist?id=2144287621
Hardwell On Air Radio,43724,http://music.163.com/playlist?id=2140356372
世̶ 界̶ 在̶ 下 ̶̶沉 ̶教̶ 徒̶ 在̶̶ 狂̶ 欢,18617,http://music.163.com/playlist?id=2141801339
元气满满！无法抗拒の日系少女音,85万,http://music.163.com/playlist?id=2131714226
把你写进歌里思念|借歌诉情感人至深,20万,http://music.163.com/playlist?id=2144781583
林俊杰圣所世界巡回演唱会完整版歌单,12万,http://music.163.com/playlist?id=2145267670
韩剧【Live】OST & BGM,56064,http://music.163.com/playlist?id=2138484946
丨魔岩三杰与唐朝,11万,http://music.163.com/playlist?id=2146462515
BODYPUMP106 莱美杠铃操 2018·02 BP106,38810,http://music.163.com/playlist?id=2144302151
【日系燃曲】吾，即是为战斗而存在,42万,http://music.163.com/playlist?id=2137215049
「欧美电子」电子与人声的完美碰撞♚,127万,http://music.163.com/playlist?id=2135457343
韩式少女电子๑冒泡的甜橙味汽水,18万,http://music.163.com/playlist?id=2129246950
这！就是街舞舞曲歌曲合辑,26836,http://music.163.com/playlist?id=2142803252
hei ！ 你在听吗 ？,73624,http://music.163.com/playlist?id=2143011924
张国荣：只怪你过份美丽,148万,http://music.163.com/playlist?id=2129489084
【起床铃】我“恶毒”的室友系列,49万,http://music.163.com/playlist?id=2133663200
新泡沫之夏2018,7966,http://music.163.com/playlist?id=2223025601
NCT分队歌曲(含个人)全收录,38130,http://music.163.com/playlist?id=2128999311
情书｜像喜欢星期五的下午那样喜欢你,516万,http://music.163.com/playlist?id=2133976544
恋爱季，我安抚不住这颗躁动的心，请你收下,336万,http://music.163.com/playlist?id=2131237425
韩式少女电子✧柠檬的清凉酸爽感ˑ,24万,http://music.163.com/playlist?id=2129247799
少年不听李宗盛，听懂已是不惑年,228万,http://music.163.com/playlist?id=2129184583
一人之下完全歌单,10万,http://music.163.com/playlist?id=2129984745
想与你°开启一场肆无忌惮的爱恋,155万,http://music.163.com/playlist?id=2131977732
【古风】向江南折花 对春风红蜡,38万,http://music.163.com/playlist?id=2132288573
再听这些歌时你已热泪盈眶，你曾是少年,588万,http://music.163.com/playlist?id=2128858806
Don't be shy 来陪我度过最美的时光,172万,http://music.163.com/playlist?id=2128947434
当你穿山越岭，我把我唱给你听,629万,http://music.163.com/playlist?id=2131695543
『韩语』独自一人抬头仰望蔚蓝的天空,14万,http://music.163.com/playlist?id=2136038187
我方少女心正在被攻击 请求支援！,27万,http://music.163.com/playlist?id=2133259867
我有故人千山去 踏遍千山寻未还,236万,http://music.163.com/playlist?id=2130288905
最后一个夏天，我们就要说再见了,4366,http://music.163.com/playlist?id=2223098913
韩国Progressive House 循序渐进的推动旋律,20万,http://music.163.com/playlist?id=2128449140
品味时光：滚石唱片金曲精选,405万,http://music.163.com/playlist?id=2128767844
年少不被层楼误，余生不羁尽自由。,172万,http://music.163.com/playlist?id=2127833943
经常请吃饭的漂亮姐姐 OST& BGM,72万,http://music.163.com/playlist?id=2133763339
Future Bounce | 放纵沉沦于弹跳维度,128万,http://music.163.com/playlist?id=2128689551
仙人抚我顶，结发受长生。,708万,http://music.163.com/playlist?id=2132009349
『你是 最好的邂逅 最难的告别』,444万,http://music.163.com/playlist?id=2130055061
俏皮口哨辑|充满阳光橙子汽水味的撩人纯音,12万,http://music.163.com/playlist?id=2136841673
「治愈柔情」恍若隔世般的迷恋与遗忘,103万,http://music.163.com/playlist?id=2133838767
李宗盛，每一首歌都深深击中内心！,35万,http://music.163.com/playlist?id=2129070723
五月天 | 青春，有你无悔。,66万,http://music.163.com/playlist?id=2130746789
8D环绕电音重鼓轰炸,24047,http://music.163.com/playlist?id=2136757569
GLR_G丽姐歌单,15万,http://music.163.com/playlist?id=2135347394
主播吃鸡秀,54712,http://music.163.com/playlist?id=2131428028
有些记忆就算忘不掉 也要假装记不起,195万,http://music.163.com/playlist?id=2127962775
▫春日轻柔少女风 | 韩语响指系列▫,15万,http://music.163.com/playlist?id=2130880776
〖泰剧OST〗天生一对,11万,http://music.163.com/playlist?id=2128277687
拔flow相助 | 围着火炉听嘻哈,94万,http://music.163.com/playlist?id=2134356986
春日暖阳°拥抱一整个春天的阳光,19万,http://music.163.com/playlist?id=2127535379
梁静茹：爱她不是两三天,40万,http://music.163.com/playlist?id=2129431923
张国荣：媚态、悲剧与艺术,20万,http://music.163.com/playlist?id=2137350821
『遗憾』用林若宁的话怎么说？,22万,http://music.163.com/playlist?id=2127573198
hiphop&电音⚡️Rapper抖脚起来简直不要太爽,14万,http://music.163.com/playlist?id=2128709778
【宛转悠扬】琴声/节奏/电音Let's Go耳机,12万,http://music.163.com/playlist?id=2134172697
那些你熟悉却又说不出名字的轻音乐,10万,http://music.163.com/playlist?id=2132830901
（轻电撩心）|如仙如夢的顱腔共鳴,14万,http://music.163.com/playlist?id=2130393000
朱伟的恋练有词2019,21128,http://music.163.com/playlist?id=2133211569
2018终极至尊土味歌单,10万,http://music.163.com/playlist?id=2130452006
『软音萌电』医疗兵就位，恶势力散退！,45万,http://music.163.com/playlist?id=2122586943
韩剧《LIVE》OST&BGM,20万,http://music.163.com/playlist?id=2137008091
《小萝莉的猴神大叔》 电影原声,53330,http://music.163.com/playlist?id=2127448870
民谣在路上,82007,http://music.163.com/playlist?id=2129782118
『音乐童话』精灵吟唱 | 如梦似幻,25万,http://music.163.com/playlist?id=2127435358
如初之光 | 与莫文蔚有关的日子,16万,http://music.163.com/playlist?id=2127884355
橙光游戏『饕餮盛宴』BGM,30826,http://music.163.com/playlist?id=2123956276
韩语|比任何人都要认真努力地生活啊,27万,http://music.163.com/playlist?id=2123117466
「纯音·樱花祭」樱花绽放，飘散成曲。,24万,http://music.163.com/playlist?id=2124818497
黑胶酒馆|耳畔的浪漫眼中的你,104万,http://music.163.com/playlist?id=2125737991
治愈纯音丨魔法点亮眼底的点点星光,43万,http://music.163.com/playlist?id=2125848825
"青春少女音l在最美的年纪,寻思最好的你",43万,http://music.163.com/playlist?id=2124579248
「纯音」 迷茫是流浪者无言的伤。,23万,http://music.163.com/playlist?id=2121333613
hello！ 你还好吗？,54212,http://music.163.com/playlist?id=2129175577
主播猫腻游戏BGM,34万,http://music.163.com/playlist?id=2120178394
［天天吃鸡］正片BGM（更新至第十七期）,20154,http://music.163.com/playlist?id=2124474825
［中文说唱］Underground永不为奴,122万,http://music.163.com/playlist?id=2119440255
致暗恋：陪伴是最怂的告白,621万,http://music.163.com/playlist?id=2127074784
「元夕」萌妹纸当然是元宵节标配,21万,http://music.163.com/playlist?id=2122066407
「炸裂」你听过3D环绕音乐吗？特别酷！,81万,http://music.163.com/playlist?id=2120151283
华研国际热门音乐精选50首,1045万,http://music.163.com/playlist?id=2120700410
韩语☆春天来临，也许有个恋爱该谈一下,31万,http://music.163.com/playlist?id=2121300470
“说真的 梦里在一起吧”,42万,http://music.163.com/playlist?id=2124685170
林宥嘉翻唱精选 | 个人向,44万,http://music.163.com/playlist?id=2121778560
那些曾经在Billboard上爆红的Hiphop—,19万,http://music.163.com/playlist?id=2122279649
【这就是街舞】Bboy的专场,63233,http://music.163.com/playlist?id=2126719730
『神秘组织』装X常用BGM,12917,http://music.163.com/playlist?id=2126618916
轻柔英文歌 睡觉专用,35万,http://music.163.com/playlist?id=2125896151
仙剑奇侠传一 仙剑奇侠传三 电视剧原声带,21万,http://music.163.com/playlist?id=2122703724
DOTA2-AWOLNATION（雷神之管）音乐包-原曲,13万,http://music.163.com/playlist?id=2120258929
日系｜把星星藏进口袋 再加一些糖,25万,http://music.163.com/playlist?id=2115599010
火影忍者【完整版】（包含剧场版）ED整理,60335,http://music.163.com/playlist?id=2118071272
纯音｜灵魂中最深的孤独，是伴随着清醒而来,18万,http://music.163.com/playlist?id=2121679403
彼得兔 比得兔 电影原声,11万,http://music.163.com/playlist?id=2124722806
呆妹儿小霸王,94460,http://music.163.com/playlist?id=2121225422
狂野飙车9:传奇 Asphalt 9 真·原声BGM,22万,http://music.163.com/playlist?id=2119810237
「日系抒情」|直抵你的内心,63万,http://music.163.com/playlist?id=2109852056
熱 評 已 註 銷.,38万,http://music.163.com/playlist?id=2110666644
【日系】毒系女声与轻快电音的完美结合,27万,http://music.163.com/playlist?id=2113963186
奶油田电音盛宴,15万,http://music.163.com/playlist?id=2127409082
「月樱低咏」折刀剑之舞 叹咏暗殇调,19万,http://music.163.com/playlist?id=2111160789
30首失恋必听中文歌,55万,http://music.163.com/playlist?id=2121257901
想和这些唱情歌的小哥哥谈场恋爱呀,161万,http://music.163.com/playlist?id=2109339318
助眠丨夜灯缱绻 是渴睡者的眼,34万,http://music.163.com/playlist?id=2114296240
EDG音乐专辑,21456,http://music.163.com/playlist?id=2125745892
初中必背古诗词，备战中考,28万,http://music.163.com/playlist?id=2112252573
「古典」午夜巴黎的静谧,75447,http://music.163.com/playlist?id=2111148866
静心纯音集♪孤独平静中孕育着坚强♫,42万,http://music.163.com/playlist?id=2108458442
一听就上瘾的欧美流行歌曲，开口就沦陷！,143万,http://music.163.com/playlist?id=2116810839
Break free ，Finally clean丨找回自己,183万,http://music.163.com/playlist?id=2109111010
【战歌集】那些令人振奋的纯音乐,74695,http://music.163.com/playlist?id=2114597691
秒变节奏控：Armada电音推荐,225万,http://music.163.com/playlist?id=2115269867
『文艺片』那些宁静的海与如风往事,67万,http://music.163.com/playlist?id=2116839355
温暖与悠然 | 当吉他邂逅男声,63万,http://music.163.com/playlist?id=2111924609
日系♥曼妙恋歌唱响你的浪漫盛夏,13万,http://music.163.com/playlist?id=2112716053
土木三班陈同学（小懒猪陈）——合集,25万,http://music.163.com/playlist?id=2109630946
华语说唱里面的“励志”使命,62万,http://music.163.com/playlist?id=2110675477
Lemon-米津玄师-翻唱翻奏全收录,83969,http://music.163.com/playlist?id=2114347499
『妈听释』 这些歌你要公放并最大音量听,52515,http://music.163.com/playlist?id=2111359632
理科生学习歌单〖析万物之理 判天地之美〗,63145,http://music.163.com/playlist?id=2110349418
央视《经典咏流传》歌曲|持续更新～,17万,http://music.163.com/playlist?id=2108689809
2018东方华灯宴bgm集,81982,http://music.163.com/playlist?id=2106297594
一禅小和尚背景音乐,92万,http://music.163.com/playlist?id=2116094255
清新电子°柠檬气泡水般初夏心情,110万,http://music.163.com/playlist?id=2101635690
小鬼-王琳凯//欲戴皇冠，必承其重,57万,http://music.163.com/playlist?id=2114596021
“温柔点吧，这个世界已经够浮躁的了”,177万,http://music.163.com/playlist?id=2098892084
免费trap伴奏/Free trap beat「高质量」,82915,http://music.163.com/playlist?id=2104669298
令人潸然泪下的纯音乐,47万,http://music.163.com/playlist?id=2105474477
如果思念有声音，该是我心跳的回响,308万,http://music.163.com/playlist?id=2098923749
一秒就会中毒的韩语歌单~,11万,http://music.163.com/playlist?id=2109726190
纯音丨世事漫随流水 算来一梦浮生,58万,http://music.163.com/playlist?id=2101116251
Well，Spring is coming丨乱花渐欲迷人眼,196万,http://music.163.com/playlist?id=2099609886
撩人系｜一开口便能撩到你的女声~,177万,http://music.163.com/playlist?id=2102236918
【柚子】羽生结弦花滑曲目精选,71818,http://music.163.com/playlist?id=2103976506
作业用BGM（英文版）,24万,http://music.163.com/playlist?id=2107710305
吃鸡歌单 燃起你的激情！,27323,http://music.163.com/playlist?id=2101843553
“呆妹儿小霸王”吃鸡搞笑BGM,17万,http://music.163.com/playlist?id=2102298273
漫威电影配乐推荐,29675,http://music.163.com/playlist?id=2101018521
林俊杰圣所世界巡回演唱会歌单,29万,http://music.163.com/playlist?id=2099306377
适合开车时候听的欧美歌曲,85万,http://music.163.com/playlist?id=2101179574
{纯音乐}--呼吸，作业，睡眠。,24925,http://music.163.com/playlist?id=2106668623
「我爱你」是需要鼓起勇气才说得出口啊,106万,http://music.163.com/playlist?id=2093908269
日系电音丨随着歌声 让昏睡的神经清醒起来,25万,http://music.163.com/playlist?id=2095731702
古风纯音乐bgm|静谧时光筝箫吟,24669,http://music.163.com/playlist?id=2096613507
听说把糖放在枕头底下会做一个甜甜的梦,643万,http://music.163.com/playlist?id=2091484707
纯音ν 第4561次的雨跌落肩头 独拂尘躁,14万,http://music.163.com/playlist?id=2094068795
古风女声| 吟一曲万水千山，醉叹锦绣年华,34万,http://music.163.com/playlist?id=2090147245
致深爱的你：如鲸向海，似鸟投林,305万,http://music.163.com/playlist?id=2091011044
思念的夜晚最难熬·失恋的人儿最难逃,20万,http://music.163.com/playlist?id=2091331636
法扎的完整观看顺序 （摇滚莫扎特）,11万,http://music.163.com/playlist?id=2090181257
【R&B】慵懒的感觉非常舒服,39万,http://music.163.com/playlist?id=2094091970
康纳麦格雷戈专属BGM,93万,http://music.163.com/playlist?id=2090838082
「日式森系」栀子花年少她,61万,http://music.163.com/playlist?id=2086961288
多热烈的白羊，热烈的抽象。,292万,http://music.163.com/playlist?id=2088358594
GLR_G视频BGM,65174,http://music.163.com/playlist?id=2092702454
［民谣］愿我们都能被这个世界温柔以待❤️,72919,http://music.163.com/playlist?id=2089194017
【蔡徐坤】偶像练习生♡星动亚洲,77万,http://music.163.com/playlist?id=2089973964
哔哩哔哩|曾经血洗B站的神曲集锦√,20万,http://music.163.com/playlist?id=2089001450
这才是魔道祖师的正确打开方式(含翻唱),20435,http://music.163.com/playlist?id=2086524730
泫雅：性感霸气的百变女王,53万,http://music.163.com/playlist?id=2092033430
陈立农♡唱过的歌吖,11万,http://music.163.com/playlist?id=2089541969
那些为电音画龙点睛的惊艳女Vocals,152万,http://music.163.com/playlist?id=2081768956
电影中的提琴曲｜故事最长情,40万,http://music.163.com/playlist?id=2085138831
【文/理科生的星空海洋】万物理论 时间简史,32296,http://music.163.com/playlist?id=2078995137
【女声控】美到窒息，化与灵魂共鸣的音符♪,36万,http://music.163.com/playlist?id=2075331099
lo-fi hiphop｜繁华都市与孤独旅人,42万,http://music.163.com/playlist?id=2073101707
雨 声（amsr睡眠用）,32万,http://music.163.com/playlist?id=2074003626
吃鸡战歌 | 决赛圈的你一定要听这个！,46093,http://music.163.com/playlist?id=2076606769
魔道祖师 | “道长~洋洋想吃糖”,73763,http://music.163.com/playlist?id=2072746062
【超燃】游戏必备BGM,34万,http://music.163.com/playlist?id=2071118614
写作业累了，要不来一段Freestyle ？,391万,http://music.163.com/playlist?id=2069749302
渣反一一朋友听过春山恨吗？,36009,http://music.163.com/playlist?id=2061237812
十大经典病娇黑化曲,26479,http://music.163.com/playlist?id=2068029520
百年孤独丨每个人都是一颗孤星,47万,http://music.163.com/playlist?id=2061103315
【民谣】 你的孤僻与生俱来。,5555,http://music.163.com/playlist?id=2214312389
【天天吃鸡】百万后期BGM,21万,http://music.163.com/playlist?id=2074210594
『作业党福利』‖慎入！会上瘾❤,43万,http://music.163.com/playlist?id=2070022903
「电音」栏杆操断，脑袋甩飞,5080,http://music.163.com/playlist?id=2211332430
偶像练习生_歌单合辑pick pick pick,497万,http://music.163.com/playlist?id=2070299050
哲♂学：把直的折♂Van的学问,46354,http://music.163.com/playlist?id=2068511028
「古风伤感女声」凝眸处 从今又添 一段新愁,50856,http://music.163.com/playlist?id=2078413716
♥ 带 点 甜 味 的 韩 国 电 子 乐 ♥,15万,http://music.163.com/playlist?id=2057419956
一人之下ˇ（不同版丹歌惊鸿）ˇ社会我宝儿姐,4265,http://music.163.com/playlist?id=2212469428
东京飱种&喰种原声,10万,http://music.163.com/playlist?id=2068824102
【Pr】自认为很好的剪辑时的音乐/音效,24万,http://music.163.com/playlist?id=2055435222
骚气萨克斯，尽量别扭！,44万,http://music.163.com/playlist?id=2061171995
卢本伟语音包加鬼畜歌单☞持续更新☜,81033,http://music.163.com/playlist?id=2062646141
收集两年的健身运动歌单,53万,http://music.163.com/playlist?id=2059952971
哼一曲歌谣，送别年少的你,210万,http://music.163.com/playlist?id=2066593601
一个比较走心的民谣歌单,117万,http://music.163.com/playlist?id=2067079376
每首都能单曲循环的国语,211万,http://music.163.com/playlist?id=2068672770
「日系/燃向丧」我无法理解的世界,136万,http://music.163.com/playlist?id=2042383725
魔性BGM 我亲手毁了我的日推系列,43万,http://music.163.com/playlist?id=2046480726
你说你很累，可谁又活得顺风顺水,785万,http://music.163.com/playlist?id=2055724092
『催眠神曲』亲试有效听片刻即困。,108万,http://music.163.com/playlist?id=2049139112
妈妈，他的糖里有毒,1165万,http://music.163.com/playlist?id=2052760419
玩人类一败涂地BGM,25万,http://music.163.com/playlist?id=2043525032
Beautiful Now【音乐的力量·电音】,36万,http://music.163.com/playlist?id=2050976156
【节奏控】一听就上瘾的惊艳女声③,196万,http://music.163.com/playlist?id=2049460383
【独家】复仇者联盟3 银河护卫队出场插曲,6063,http://music.163.com/playlist?id=2206942115
2017年度最受欢迎个性推荐歌曲,4757万,http://music.163.com/playlist?id=2039098272
『致前任』我曾经很喜欢你 但也只能到这里,889万,http://music.163.com/playlist?id=2049424729
愿还会有人，做个傻子陪你浪费一生,550万,http://music.163.com/playlist?id=2042205655
复习累了！听完忍不住伸个懒腰の温柔系,105万,http://music.163.com/playlist?id=2032706580
特色女嗓 · 爆破型鬼才声线集,279万,http://music.163.com/playlist?id=2029494007
2017年度最热新歌TOP100,4797万,http://music.163.com/playlist?id=2039073542
吃鸡必备BGM 主播专用,163万,http://music.163.com/playlist?id=2031769374
烈火如歌 （ 仙剑歌 ）回忆,66917,http://music.163.com/playlist?id=2029909765
『耽美古风』天官赐福＇为你，所向披靡！,34万,http://music.163.com/playlist?id=2014038407
人这一辈子，最怕突然听懂了一首歌。,1229万,http://music.163.com/playlist?id=2020864493
脸红的思春期专场｜初恋热恋,33万,http://music.163.com/playlist?id=2027230022
[伤感纯音乐]没名字的歌单，没有你的我,38万,http://music.163.com/playlist?id=2002685332
适合努力学习英语时听的歌曲,1110万,http://music.163.com/playlist?id=2015397679
是时候吸一口丧丧的仙气了,174万,http://music.163.com/playlist?id=2002199718
理想男友音，声控福利~（不定期更新）,59万,http://music.163.com/playlist?id=2017931496
无前奏丨女声丨欧美丨三秒爱上,685万,http://music.163.com/playlist?id=2008935342
华晨宇 | 三张专辑歌曲完整版,10万,http://music.163.com/playlist?id=2006262850
heart signal2 BGM官方精选,8923,http://music.163.com/playlist?id=2202590190
无前奏响指•清脆节奏缤纷夏日,87万,http://music.163.com/playlist?id=1995121073
my darling,9956,http://music.163.com/playlist?id=2205375458
【轻音乐】独乐乐不如众乐乐～,7512,http://music.163.com/playlist?id=2192878863
『华语数字歌名』请输入您的爱情专属密码,5479,http://music.163.com/playlist?id=2188572387
2018成都草莓音乐节,7382,http://music.163.com/playlist?id=2181614887
唯我茕茕孑立,18180,http://music.163.com/playlist?id=2173109071
这才是异世界该有的风采（配乐篇）,12829,http://music.163.com/playlist?id=2175881483
Lemon合集.（Cover 米津玄师）,6382,http://music.163.com/playlist?id=2176008772
你听过最贵的歌单,6966,http://music.163.com/playlist?id=2167220812
【第一精品】纯电音and抖腿！,5996,http://music.163.com/playlist?id=2157394859
能让你写代码写出拯救世界的感觉,7100,http://music.163.com/playlist?id=2142526217
励志金曲,18457,http://music.163.com/playlist?id=2102859487
朴实中的芳香,18520,http://music.163.com/playlist?id=2104867577
2018西政毕业民谣视听音乐会（肖萌主持）,611,http://music.163.com/playlist?id=2231795811
今天中午吃什么呀！o( =•ω•= )m,779,http://music.163.com/playlist?id=2226472180
予你情诗百首，余生你是我的所有,1775,http://music.163.com/playlist?id=2230318386
今天吃什么？,704,http://music.163.com/playlist?id=2226431084
耳朵喜欢你 好听到可以单曲循环,2594,http://music.163.com/playlist?id=2232237850
-我十几岁 我好累,838,http://music.163.com/playlist?id=2228899271
〖驾车〗听此歌单巡航80Km/H,1922,http://music.163.com/playlist?id=2216952954
北京奶油田5.13部分歌单,1199,http://music.163.com/playlist?id=2225811491
例大祭15音乐合集,561,http://music.163.com/playlist?id=2219540997
宜嘉备用~小可爱们给我推荐的BGM呐~,653,http://music.163.com/playlist?id=2221152964
AE视频剪辑特效/大片声效/转场/无音乐,548,http://music.163.com/playlist?id=2212068857
【前方高能】 下班开车听请注意安全！,750,http://music.163.com/playlist?id=2218040592
-想 睡 覺,834,http://music.163.com/playlist?id=2224319101
十年全球热门歌曲(随机都是小惊喜～持续更,2871,http://music.163.com/playlist?id=2213160920
进击的听力 | 英式英语,855,http://music.163.com/playlist?id=2203055899
LOL秀操作必备♡,569,http://music.163.com/playlist?id=2210837653
《街头大胃王》BGM,1120,http://music.163.com/playlist?id=2212970972
「直达内心深处勾起回忆的纯音乐」,1855,http://music.163.com/playlist?id=2212477983
2018华语热门,1069,http://music.163.com/playlist?id=2214644771
五公里甜蜜暴击,1792,http://music.163.com/playlist?id=2213417826
『韩』甜美旋律一秒中毒,1258,http://music.163.com/playlist?id=2213784323
陈鸿宇/焦迈奇/刘昊霖/沈以诚/徐秉龙,3522,http://music.163.com/playlist?id=2201749062
傲慢与偏见英文【有声书】简奥斯丁经典名著,1288,http://music.163.com/playlist?id=2203690802
「恋爱保鲜」喜欢是乍见之欢 爱是久处不厌,1510,http://music.163.com/playlist?id=2209991927
韩综 Heart Signal 2 【BGM】,1061,http://music.163.com/playlist?id=2216465296
♪ 华语经典，怀恋过往的青春年华。,1997,http://music.163.com/playlist?id=2212093296
★中国新说唱★选手合集,4064,http://music.163.com/playlist?id=2199170377
某音淘来的（中文系列）,2367,http://music.163.com/playlist?id=2201899012
综艺『向往的生活2第二季』 OST,2170,http://music.163.com/playlist?id=2205767390
⚡️2018上海EDC电音节,2703,http://music.163.com/playlist?id=2206494642
真心大冒险,1183,http://music.163.com/playlist?id=2198092359
一首陈奕迅一首薛之谦,2762,http://music.163.com/playlist?id=2188734364
Begin Again2 JTBC韩综,3425,http://music.163.com/playlist?id=2180573873
【剪辑师必备】Vlog 篇,1745,http://music.163.com/playlist?id=2182962419
让你耳目一新的「闽南语」,2779,http://music.163.com/playlist?id=2179984556
魔道祖师,3127,http://music.163.com/playlist?id=2168732903
LILHAPPY/泡泡糖Trap/低龄说唱/快乐摇,3291,http://music.163.com/playlist?id=2159004974
昭和80's J-POP,964,http://music.163.com/playlist?id=2182103296
迪迦：我走了，等你们长大了记得回来看看我,1863,http://music.163.com/playlist?id=2205997319
网游之大神别装了OST,1758,http://music.163.com/playlist?id=2203281726
古风 | 我愿陪你枯骨成双 作别这场曲散人凉,2438,http://music.163.com/playlist?id=2190717778
【古风】情至深，不解寒。,2774,http://music.163.com/playlist?id=2214711023
古诗古词古意，今声今人今唱,2094,http://music.163.com/playlist?id=2211339425
【古风】暗香浮动月黄昏。,2884,http://music.163.com/playlist?id=2215522308
【古风】一曲醉千年。,3005,http://music.163.com/playlist?id=2215826501
〖各种版本〗一拜天地,2115,http://music.163.com/playlist?id=2212083175
古风式浪漫｜藏在歌词里的一纸情书,834,http://music.163.com/playlist?id=2232929475
>那些年给男神们写的词—by小鱼萝莉,968,http://music.163.com/playlist?id=2229111697
睡眠轻音乐，大力推荐，本人一直用的。,3022,http://music.163.com/playlist?id=2201768887
YouTube Vlog BGM,1829,http://music.163.com/playlist?id=2198308455
HandClap98k,637,http://music.163.com/playlist?id=2219856977
K院长的电激疗法,569,http://music.163.com/playlist?id=2224671009
精选20首神级电音纯音乐，抖腿不要停,3434,http://music.163.com/playlist?id=2173273497
Ohlapetitemort | En été 夏日法式电气,1292,http://music.163.com/playlist?id=2210852027
张靓颖珍相演唱会,977,http://music.163.com/playlist?id=2208425272
游戏视频剪辑 超燃快节奏BGM,956,http://music.163.com/playlist?id=2224036212
【电音】全球Top30双人DJ组合&精选歌曲,2317,http://music.163.com/playlist?id=2215951892
Martin Garrix - EDC china 2018,3514,http://music.163.com/playlist?id=2208092988
畸形儿remix伴奏合集,830,http://music.163.com/playlist?id=2222983929
「纯电音」爱上电音只需一单,536,http://music.163.com/playlist?id=2219988682
这些电音女声有毒，了解一下,1048,http://music.163.com/playlist?id=2220272078
竞速游戏BGM｜电音与赛道的激情碰撞,2090,http://music.163.com/playlist?id=2216460519
『Chillhop』雨 天 少 女 随 想 。,1229,http://music.163.com/playlist?id=2217723402
【电音】Top20全球播放量最高的电音歌曲,2989,http://music.163.com/playlist?id=2221921983
罗修的BGM,1934,http://music.163.com/playlist?id=2220360043
韵律中邂逅惊艳女嗓，美到心醉,679,http://music.163.com/playlist?id=2226234307
伪音拉声线专用,1355,http://music.163.com/playlist?id=2170496744
【P主科普53】MARETU（極悪P）,1384,http://music.163.com/playlist?id=2181639016
机动战士高达40周年歌曲排行榜,805,http://music.163.com/playlist?id=2214925867
日系の温柔｜我要放弃的时候求你别对我笑,2220,http://music.163.com/playlist?id=2205449881
8 9 5,1493,http://music.163.com/playlist?id=2199893326
灵魂与心跳(Heartbeat of the soul),3535,http://music.163.com/playlist?id=2221169847
NHK全高达大投票歌曲排名,3929,http://music.163.com/playlist?id=2215018325
「清凉夏日」日系文艺小清新,700,http://music.163.com/playlist?id=2225334795
《终结一吻》原声带,1741,http://music.163.com/playlist?id=2222261250
母亲节 | 即使无词，可旋律中都是你。,3480,http://music.163.com/playlist?id=2217673361
初代吸血鬼/The Originals第五季,1993,http://music.163.com/playlist?id=2198352201
漫威电影宇宙片头合集,2510,http://music.163.com/playlist?id=2216121231
嗨氏1229 好听到爆炸的『纯音乐』,1548,http://music.163.com/playlist?id=2210561245
十三个原因第二季,1708,http://music.163.com/playlist?id=2221593903
团综WANNA ONE GO:X–CON BGM合集,3169,http://music.163.com/playlist?id=2218095903
我最大的遗憾 是你的遗憾与我有关,2291,http://music.163.com/playlist?id=2206735495
【悲伤】极致悲伤后摇（勿试）,2052,http://music.163.com/playlist?id=2197442458
黑暗童话「西方恐怖故事」,2279,http://music.163.com/playlist?id=2204727667
说唱圈知道,2762,http://music.163.com/playlist?id=2227650125
Giao里Giao气,1435,http://music.163.com/playlist?id=2225294681
Reyimjan Abdukeyyum,863,http://music.163.com/playlist?id=2212162552
？西棒子国,582,http://music.163.com/playlist?id=2217751652
跨界歌王第三季丨原唱合集,2270,http://music.163.com/playlist?id=2214641137
「第五人格」杰克屠杀高潮专用歌单,2426,http://music.163.com/playlist?id=2196646581
少女前线&DJMAX联动相关OST,3631,http://music.163.com/playlist?id=2199991700
黑镖客梦回,649,http://music.163.com/playlist?id=2212523419
橙光游戏《成为星星吧》BGM,527,http://music.163.com/playlist?id=2214207584
「 恋与制作人 」极暗之时 纯乐版BGM,2590,http://music.163.com/playlist?id=2216424970
饭碗的抒情小调,960,http://music.163.com/playlist?id=2229753788
「你想象不到的哄睡歌曲」,767,http://music.163.com/playlist?id=2216978439
给宝宝磨耳朵的英语启蒙儿歌,502,http://music.163.com/playlist?id=2228315927
创造101-宇宙少女-吴宣仪,2837,http://music.163.com/playlist?id=2208367254
WANNA ONE GO:X-CON,1422,http://music.163.com/playlist?id=2218476313
<甜美女声>轻轻尝一口的甜,2590,http://music.163.com/playlist?id=2218142310
Jedward杰德沃德【音乐作品集】,3283,http://music.163.com/playlist?id=2224527351
S.SIN的妖怪文学,519,http://music.163.com/playlist?id=2224632168
【地下八英里】battle king都在这里,2010,http://music.163.com/playlist?id=2211149803
中国新说唱‖歌曲收录,3199,http://music.163.com/playlist?id=2233329019
听起来不抓耳朵怎么能叫Jazz,2485,http://music.163.com/playlist?id=2219601676
"许巍 外表平静,内心狂热,向往自由",1204,http://music.163.com/playlist?id=2217111758
复联3阅后感想,960,http://music.163.com/playlist?id=2222563200
（伊利亚尔） Elyar Muhemmed,1913,http://music.163.com/playlist?id=2209801384
SotusTheMemories | 致永远的Sotus,582,http://music.163.com/playlist?id=2220685314
创造101翻唱曲目,826,http://music.163.com/playlist?id=2226529576
2oi8最新欧美慢摇，各类歌曲集合,1489,http://music.163.com/playlist?id=2233127828
小仙女专属私藏：巨好听歌单vol.2,1523,http://music.163.com/playlist?id=2197688586
一些适合女生的城市民谣,910,http://music.163.com/playlist?id=2211768405
听了会怀孕 花粥花大爷【绝对精选集】,2573,http://music.163.com/playlist?id=2191604946
热夏，寄一首清凉欢快的歌给你,691,http://music.163.com/playlist?id=2228499992
许嵩甜歌全集,544,http://music.163.com/playlist?id=2222759580
第29届金曲奖入围热门,2854,http://music.163.com/playlist?id=2193930667
情感语录,3178,http://music.163.com/playlist?id=2192748052
只有你和時光知道我沉默的理由,1834,http://music.163.com/playlist?id=2224744147
橙光游戏《磨人的小妖精》歌单,1044,http://music.163.com/playlist?id=2204265413
「对于夏天」你能想到的是什么？,1939,http://music.163.com/playlist?id=2211010805
NINE PERCENT应援曲,1258,http://music.163.com/playlist?id=2204055072
真 的 不 丧,3753,http://music.163.com/playlist?id=2206894848
这些经典情歌，唱尽了每个人的爱情,750,http://music.163.com/playlist?id=2229351996
元气摇滚蜜桃少女粉嫩心扑通2018,1073,http://music.163.com/playlist?id=2227608035
你的名字三个字 恰好我喜欢,2052,http://music.163.com/playlist?id=2218998913
Charlie Puth丨牛奶搅拌的高乐高,2354,http://music.163.com/playlist?id=2220433203
“爱你就像藏头诗”,746,http://music.163.com/playlist?id=2229721434
BodyBalance81 莱美2018-02 身体平衡BB81,1905,http://music.163.com/playlist?id=2223354318
温柔点吧，虽然世界让你又哭又笑,2917,http://music.163.com/playlist?id=2227212109
好妹妹乐队自在如风 2018 巡演歌单,3757,http://music.163.com/playlist?id=2209356135
Very hi歌单,2270,http://music.163.com/playlist?id=2197878452
『凉』夏天到了!悠闲的避暑多好,792,http://music.163.com/playlist?id=2226087443
【宋冬野】那个唱民谣的胖子,1250,http://music.163.com/playlist?id=2218918187
钱正昊答谢会开场曲备选,3892,http://music.163.com/playlist?id=2213260810
连 愛 你 的 空 氣 都 是 粉 色 的 ♡,3274,http://music.163.com/playlist?id=2206436715
Bieber’s Spotify Activity,2779,http://music.163.com/playlist?id=2212666880
JANIM ATA ANAM （亲爱的父母）,1771,http://music.163.com/playlist?id=2220556596
徐秉龙 / 特别的歌，特别的你,3749,http://music.163.com/playlist?id=2192549233
ONER(坤音bc221)应援曲,3358,http://music.163.com/playlist?id=2190473122
青树之声歌单,536,http://music.163.com/playlist?id=2205603026
overthetown,754,http://music.163.com/playlist?id=2227119435
枕着大自然的声音入眠【睡前曲】,1888,http://music.163.com/playlist?id=2201293783
“今天中午吃什么？”【持续更新…】,1082,http://music.163.com/playlist?id=2226013308
拜托了冰箱第四季BGM,3152,http://music.163.com/playlist?id=2202963412
宇航員先生,1304,http://music.163.com/playlist?id=2208205833
《彼得兔》电影 OST插曲完整版,1443,http://music.163.com/playlist?id=2210951858
创造101-紫宁Winnie的歌单,3598,http://music.163.com/playlist?id=2205784854
Progressive Melodies,1901,http://music.163.com/playlist?id=2208289164
隋波逐澜,523,http://music.163.com/playlist?id=2221586567
这就是街舞总决赛22轮BaTTle,977,http://music.163.com/playlist?id=2219853611
急支糖浆就是我,1288,http://music.163.com/playlist?id=2214002763
The History Of Acid House in 100 Tracks,1153,http://music.163.com/playlist?id=2219381321
十二星座,2010,http://music.163.com/playlist?id=2217973155
一粒米天才,1254,http://music.163.com/playlist?id=2230520267
哈里王子大婚的音乐，都在这里了,1708,http://music.163.com/playlist?id=2233373200
网易云吸猫，全是喵喵喵喵喵,53128,http://music.163.com/playlist?id=2234110685
世界已经太吵，你需要听听自己,48万,http://music.163.com/playlist?id=2224970349
用一句歌词来解释“失去你” ​​​,159万,http://music.163.com/playlist?id=2215058211
晚安日语：希望每天醒来都能看见你,28万,http://music.163.com/playlist?id=2217297057
Rose: The J.Fla Collection,95460,http://music.163.com/playlist?id=2202423586
Heart Signal 2 BGM,51986,http://music.163.com/playlist?id=2183367364
一给我里Giao啵啵啵,9301,http://music.163.com/playlist?id=2211677003
杀死伊芙 Killing Eve,42145,http://music.163.com/playlist?id=2190415917
网易云纯音乐榜（2018.5月第三周）,27万,http://music.163.com/playlist?id=2172458253
全网易最贵歌单了解一下？,10万,http://music.163.com/playlist?id=2181517234
Caligula卡里古拉op&ed&插曲&游戏歌,28567,http://music.163.com/playlist?id=2178504713
会员专享 | 确认过眼神，你是我要的歌,45997,http://music.163.com/playlist?id=2183161608
刀剑神域SAO 独行 攻略100层,27407,http://music.163.com/playlist?id=2183299184
Take care!!! 前方是陷阱EDM Trap!!!!!!,198万,http://music.163.com/playlist?id=2141152493
污wu哒，性感十足，暧昧气息满溢,7466,http://music.163.com/playlist?id=2201318110
「2018」奔跑吧第二季BGM 持续更新,53141,http://music.163.com/playlist?id=2185539098
薛薛薛之谦,5903,http://music.163.com/playlist?id=2215736957
卡里古拉,31284,http://music.163.com/playlist?id=2164887778
在后半段歇斯底里死而有憾的后摇,72599,http://music.163.com/playlist?id=2219329606
《创造101》超喜欢的舞台BGM合集-4.28,20490,http://music.163.com/playlist?id=2195863390
RADWIMPS2018北京演唱会歌单,5362,http://music.163.com/playlist?id=2179154179
请问您今天要来点狗粮吗？丨虐狗动画小盘点,49万,http://music.163.com/playlist?id=2140895458
漫威电影中最有名的10首歌曲,15849,http://music.163.com/playlist?id=2169670099
五月,6197,http://music.163.com/playlist?id=2207994093
2018年四月最热新歌TOP50,661万,http://music.163.com/playlist?id=2208764332
小黄车~污污污开车啦,32183,http://music.163.com/playlist?id=2078938673
Killing Eve|杀死伊芙（看介绍）,4417,http://music.163.com/playlist?id=2197777041
动画 卡里古拉（Caligula）,6290,http://music.163.com/playlist?id=2193336842
来听听这些青春可爱的少女心事,161万,http://music.163.com/playlist?id=2128934505
这就是街舞背景音乐精选,8226,http://music.163.com/playlist?id=2189223179
翻唱周杰伦：杰伦不在网易云的日子,5630,http://music.163.com/playlist?id=2168232547
『欧美&翻唱』耳朵怀孕♡逼死原唱系列,13万,http://music.163.com/playlist?id=2120336656
Unnatural 2018日剧 非自然死亡 歌单,51167,http://music.163.com/playlist?id=2132948616
『韩语』春天适合樱花，阳光，与最爱的你,11万,http://music.163.com/playlist?id=2116614897
『向JAY致敬作品集』等版权归来的那一天,60176,http://music.163.com/playlist?id=2174552922
死 的 時 候 要 埋 在 一 起.,31万,http://music.163.com/playlist?id=2060642136
蔡徐坤唱过或说过喜欢的或听过的歌,16958,http://music.163.com/playlist?id=2125475587
蔡徐坤,70121,http://music.163.com/playlist?id=2159826992
你18岁时喜欢的人，现在怎么样了？,593万,http://music.163.com/playlist?id=2063351734
灵魂「」,61923,http://music.163.com/playlist?id=2188279705
田馥甄,26万,http://music.163.com/playlist?id=2121790891
【BGM】片头LOGO、字幕、转场专用背景音效,9734,http://music.163.com/playlist?id=2130317402
一个等待五月天版权的歌单,39万,http://music.163.com/playlist?id=2076007963
评论100000＋,2073,http://music.163.com/playlist?id=2228413760
GUCCI GUCCI PRADA PRADA,2107,http://music.163.com/playlist?id=2229758109
朱伟の恋练歌单,1216,http://music.163.com/playlist?id=2221751863
「哄睡必备纯纯纯音乐」,561,http://music.163.com/playlist?id=2216964790
给我开门了吗,599,http://music.163.com/playlist?id=2228120838
《极暗之时》类似BGM,3396,http://music.163.com/playlist?id=2203484062
远方游戏原声,1153,http://music.163.com/playlist?id=2199986360
2018 Creamfields-奶油田音乐节北京站歌单,1195,http://music.163.com/playlist?id=2214745802
sdc这就是街舞第11期终极不服歌单,662,http://music.163.com/playlist?id=2217599354
？ 纯电,3371,http://music.163.com/playlist?id=2217760506
（新番收集）《全金属狂潮》第四季,813,http://music.163.com/playlist?id=2197704674
那些账号已注销的热评 | 生而在世 我很抱歉,2821,http://music.163.com/playlist?id=2201217091
领取一份Future Bass精选礼包,1485,http://music.163.com/playlist?id=2217721418
BIGBANG（빅뱅）,4064,http://music.163.com/playlist?id=2193289384
『那些评论破万的日文歌』更新中,2968,http://music.163.com/playlist?id=2196947449
归去来 电视剧原声带,548,http://music.163.com/playlist?id=2222339613
特摄片效果音集（假面骑士555变身等待上传,1275,http://music.163.com/playlist?id=2207139384
10W 评论里的故事,1754,http://music.163.com/playlist?id=2216284341
VIBE Presents: Urban Asia Vol. 1,1019,http://music.163.com/playlist?id=2218913997
《局部第二季》配乐,2564,http://music.163.com/playlist?id=2192537906
评论超过100000的外文歌曲（持更）,2858,http://music.163.com/playlist?id=2177576207
甜饼分享：）,926,http://music.163.com/playlist?id=2184578127
？日语,506,http://music.163.com/playlist?id=2217789072
？中文,557,http://music.163.com/playlist?id=2217775313
？轻音乐,511,http://music.163.com/playlist?id=2217780260
少女前线 荣耀日「编辑用」,3299,http://music.163.com/playlist?id=2202823880
Leila's Vlog Music List,3295,http://music.163.com/playlist?id=2191222083
